Cement (kg/m3),Blast-furnace Slag (kg/m3),Fly Ash (kg/m3),Water (kg/m3),Super-plasticizer (kg/m3),Coarse Aggregate  (kg/m3),Fine Aggregate (kg/m3),Age of testing (day),Concrete compressive strength (MPa) 
540,0,0,162,2.5,1040,676,28,79.99
540,0,0,162,2.5,1055,676,28,61.89
332.5,142.5,0,228,0,932,594,270,40.27
332.5,142.5,0,228,0,932,594,365,41.05
198.6,132.4,0,192,0,978.4,825.5,360,44.3
266,114,0,228,0,932,670,90,47.03
380,95,0,228,0,932,594,365,43.7
380,95,0,228,0,932,594,28,36.45
266,114,0,228,0,932,670,28,45.85
475,0,0,228,0,932,594,28,39.29
198.6,132.4,0,192,0,978.4,825.5,90,38.07
198.6,132.4,0,192,0,978.4,825.5,28,28.02
427.5,47.5,0,228,0,932,594,270,43.01
190,190,0,228,0,932,670,90,42.33
304,76,0,228,0,932,670,28,47.81
380,0,0,228,0,932,670,90,52.91
139.6,209.4,0,192,0,1047,806.9,90,39.36
342,38,0,228,0,932,670,365,56.14
380,95,0,228,0,932,594,90,40.56
475,0,0,228,0,932,594,180,42.62
427.5,47.5,0,228,0,932,594,180,41.84
139.6,209.4,0,192,0,1047,806.9,28,28.24
139.6,209.4,0,192,0,1047,806.9,3,8.06
139.6,209.4,0,192,0,1047,806.9,180,44.21
380,0,0,228,0,932,670,365,52.52
380,0,0,228,0,932,670,270,53.3
380,95,0,228,0,932,594,270,41.15
342,38,0,228,0,932,670,180,52.12
427.5,47.5,0,228,0,932,594,28,37.43
475,0,0,228,0,932,594,7,38.6
304,76,0,228,0,932,670,365,55.26
266,114,0,228,0,932,670,365,52.91
198.6,132.4,0,192,0,978.4,825.5,180,41.72
475,0,0,228,0,932,594,270,42.13
190,190,0,228,0,932,670,365,53.69
237.5,237.5,0,228,0,932,594,270,38.41
237.5,237.5,0,228,0,932,594,28,30.08
332.5,142.5,0,228,0,932,594,90,37.72
475,0,0,228,0,932,594,90,42.23
237.5,237.5,0,228,0,932,594,180,36.25
342,38,0,228,0,932,670,90,50.46
427.5,47.5,0,228,0,932,594,365,43.7
237.5,237.5,0,228,0,932,594,365,39
380,0,0,228,0,932,670,180,53.1
427.5,47.5,0,228,0,932,594,90,41.54
427.5,47.5,0,228,0,932,594,7,35.08
349,0,0,192,0,1047,806.9,3,15.05
380,95,0,228,0,932,594,180,40.76
237.5,237.5,0,228,0,932,594,7,26.26
380,95,0,228,0,932,594,7,32.82
332.5,142.5,0,228,0,932,594,180,39.78
190,190,0,228,0,932,670,180,46.93
237.5,237.5,0,228,0,932,594,90,33.12
304,76,0,228,0,932,670,90,49.19
139.6,209.4,0,192,0,1047,806.9,7,14.59
198.6,132.4,0,192,0,978.4,825.5,7,14.64
475,0,0,228,0,932,594,365,41.93
198.6,132.4,0,192,0,978.4,825.5,3,9.13
304,76,0,228,0,932,670,180,50.95
332.5,142.5,0,228,0,932,594,28,33.02
304,76,0,228,0,932,670,270,54.38
266,114,0,228,0,932,670,270,51.73
310,0,0,192,0,971,850.6,3,9.87
190,190,0,228,0,932,670,270,50.66
266,114,0,228,0,932,670,180,48.7
342,38,0,228,0,932,670,270,55.06
139.6,209.4,0,192,0,1047,806.9,360,44.7
332.5,142.5,0,228,0,932,594,7,30.28
190,190,0,228,0,932,670,28,40.86
485,0,0,146,0,1120,800,28,71.99
374,189.2,0,170.1,10.1,926.1,756.7,3,34.4
313.3,262.2,0,175.5,8.6,1046.9,611.8,3,28.8
425,106.3,0,153.5,16.5,852.1,887.1,3,33.4
425,106.3,0,151.4,18.6,936,803.7,3,36.3
375,93.8,0,126.6,23.4,852.1,992.6,3,29
475,118.8,0,181.1,8.9,852.1,781.5,3,37.8
469,117.2,0,137.8,32.2,852.1,840.5,3,40.2
388.6,97.1,0,157.9,12.1,852.1,925.7,3,28.1
531.3,0,0,141.8,28.2,852.1,893.7,3,41.3
318.8,212.5,0,155.7,14.3,852.1,880.4,3,25.2
401.8,94.7,0,147.4,11.4,946.8,852.1,3,41.1
362.6,189,0,164.9,11.6,944.7,755.8,3,35.3
323.7,282.8,0,183.8,10.3,942.7,659.9,3,28.3
379.5,151.2,0,153.9,15.9,1134.3,605,3,28.6
286.3,200.9,0,144.7,11.2,1004.6,803.7,3,24.4
439,177,0,186,11.1,884.9,707.9,3,39.3
389.9,189,0,145.9,22,944.7,755.8,3,40.6
337.9,189,0,174.9,9.5,944.7,755.8,3,24.1
374,189.2,0,170.1,10.1,926.1,756.7,7,46.2
313.3,262.2,0,175.5,8.6,1046.9,611.8,7,42.8
425,106.3,0,153.5,16.5,852.1,887.1,7,49.2
425,106.3,0,151.4,18.6,936,803.7,7,46.8
375,93.8,0,126.6,23.4,852.1,992.6,7,45.7
475,118.8,0,181.1,8.9,852.1,781.5,7,55.6
469,117.2,0,137.8,32.2,852.1,840.5,7,54.9
388.6,97.1,0,157.9,12.1,852.1,925.7,7,34.9
531.3,0,0,141.8,28.2,852.1,893.7,7,46.9
318.8,212.5,0,155.7,14.3,852.1,880.4,7,33.4
401.8,94.7,0,147.4,11.4,946.8,852.1,7,54.1
362.6,189,0,164.9,11.6,944.7,755.8,7,55.9
323.7,282.8,0,183.8,10.3,942.7,659.9,7,49.8
379.5,151.2,0,153.9,15.9,1134.3,605,7,47.1
286.3,200.9,0,144.7,11.2,1004.6,803.7,7,38
439,177,0,186,11.1,884.9,707.9,7,56.1
389.9,189,0,145.9,22,944.7,755.8,7,59.09
362.6,189,0,164.9,11.6,944.7,755.8,7,22.9
337.9,189,0,174.9,9.5,944.7,755.8,7,35.1
374,189.2,0,170.1,10.1,926.1,756.7,28,61.09
313.3,262.2,0,175.5,8.6,1046.9,611.8,28,59.8
425,106.3,0,153.5,16.5,852.1,887.1,28,60.29
425,106.3,0,151.4,18.6,936,803.7,28,61.8
375,93.8,0,126.6,23.4,852.1,992.6,28,56.7
475,118.8,0,181.1,8.9,852.1,781.5,28,68.3
469,117.2,0,137.8,32.2,852.1,840.5,28,66.9
388.6,97.1,0,157.9,12.1,852.1,925.7,28,50.7
531.3,0,0,141.8,28.2,852.1,893.7,28,56.4
318.8,212.5,0,155.7,14.3,852.1,880.4,28,55.5
401.8,94.7,0,147.4,11.4,946.8,852.1,28,68.5
362.6,189,0,164.9,11.6,944.7,755.8,28,71.3
323.7,282.8,0,183.8,10.3,942.7,659.9,28,74.7
379.5,151.2,0,153.9,15.9,1134.3,605,28,52.2
286.3,200.9,0,144.7,11.2,1004.6,803.7,28,67.7
439,177,0,186,11.1,884.9,707.9,28,66
389.9,189,0,145.9,22,944.7,755.8,28,74.5
337.9,189,0,174.9,9.5,944.7,755.8,28,49.9
374,189.2,0,170.1,10.1,926.1,756.7,56,63.4
313.3,262.2,0,175.5,8.6,1046.9,611.8,56,64.9
425,106.3,0,153.5,16.5,852.1,887.1,56,64.3
425,106.3,0,151.4,18.6,936,803.7,56,64.9
375,93.8,0,126.6,23.4,852.1,992.6,56,60.2
475,118.8,0,181.1,8.9,852.1,781.5,56,72.3
469,117.2,0,137.8,32.2,852.1,840.5,56,69.3
388.6,97.1,0,157.9,12.1,852.1,925.7,56,55.2
531.3,0,0,141.8,28.2,852.1,893.7,56,58.8
318.8,212.5,0,155.7,14.3,852.1,880.4,56,66.1
401.8,94.7,0,147.4,11.4,946.8,852.1,56,73.7
362.6,189,0,164.9,11.6,944.7,755.8,56,77.3
323.7,282.8,0,183.8,10.3,942.7,659.9,56,80.2
379.5,151.2,0,153.9,15.9,1134.3,605,56,54.9
286.3,200.9,0,144.7,11.2,1004.6,803.7,56,72.99
439,177,0,186,11.1,884.9,707.9,56,71.7
389.9,189,0,145.9,22,944.7,755.8,56,79.4
337.9,189,0,174.9,9.5,944.7,755.8,56,59.89
374,189.2,0,170.1,10.1,926.1,756.7,91,64.9
313.3,262.2,0,175.5,8.6,1046.9,611.8,91,66.6
425,106.3,0,153.5,16.5,852.1,887.1,91,65.2
425,106.3,0,151.4,18.6,936,803.7,91,66.7
375,93.8,0,126.6,23.4,852.1,992.6,91,62.5
475,118.8,0,181.1,8.9,852.1,781.5,91,74.19
469,117.2,0,137.8,32.2,852.1,840.5,91,70.7
388.6,97.1,0,157.9,12.1,852.1,925.7,91,57.6
531.3,0,0,141.8,28.2,852.1,893.7,91,59.2
318.8,212.5,0,155.7,14.3,852.1,880.4,91,68.1
401.8,94.7,0,147.4,11.4,946.8,852.1,91,75.5
362.6,189,0,164.9,11.6,944.7,755.8,91,79.3
379.5,151.2,0,153.9,15.9,1134.3,605,91,56.5
286.3,200.9,0,144.7,11.2,1004.6,803.7,91,76.8
439,177,0,186,11.1,884.9,707.9,91,73.3
389.9,189,0,145.9,22,944.7,755.8,91,82.6
337.9,189,0,174.9,9.5,944.7,755.8,91,67.8
222.4,0,96.7,189.3,4.5,967.1,870.3,3,11.58
222.4,0,96.7,189.3,4.5,967.1,870.3,14,24.45
222.4,0,96.7,189.3,4.5,967.1,870.3,28,24.89
222.4,0,96.7,189.3,4.5,967.1,870.3,56,29.45
222.4,0,96.7,189.3,4.5,967.1,870.3,100,40.71
233.8,0,94.6,197.9,4.6,947,852.2,3,10.38
233.8,0,94.6,197.9,4.6,947,852.2,14,22.14
233.8,0,94.6,197.9,4.6,947,852.2,28,22.84
233.8,0,94.6,197.9,4.6,947,852.2,56,27.66
233.8,0,94.6,197.9,4.6,947,852.2,100,34.56
194.7,0,100.5,165.6,7.5,1006.4,905.9,3,12.45
194.7,0,100.5,165.6,7.5,1006.4,905.9,14,24.99
194.7,0,100.5,165.6,7.5,1006.4,905.9,28,25.72
194.7,0,100.5,165.6,7.5,1006.4,905.9,56,33.96
194.7,0,100.5,165.6,7.5,1006.4,905.9,100,37.34
190.7,0,125.4,162.1,7.8,1090,804,3,15.04
190.7,0,125.4,162.1,7.8,1090,804,14,21.06
190.7,0,125.4,162.1,7.8,1090,804,28,26.4
190.7,0,125.4,162.1,7.8,1090,804,56,35.34
190.7,0,125.4,162.1,7.8,1090,804,100,40.57
212.1,0,121.6,180.3,5.7,1057.6,779.3,3,12.47
212.1,0,121.6,180.3,5.7,1057.6,779.3,14,20.92
212.1,0,121.6,180.3,5.7,1057.6,779.3,28,24.9
212.1,0,121.6,180.3,5.7,1057.6,779.3,56,34.2
212.1,0,121.6,180.3,5.7,1057.6,779.3,100,39.61
230,0,118.3,195.5,4.6,1029.4,758.6,3,10.03
230,0,118.3,195.5,4.6,1029.4,758.6,14,20.08
230,0,118.3,195.5,4.6,1029.4,758.6,28,24.48
230,0,118.3,195.5,4.6,1029.4,758.6,56,31.54
230,0,118.3,195.5,4.6,1029.4,758.6,100,35.34
190.3,0,125.2,161.9,9.9,1088.1,802.6,3,9.45
190.3,0,125.2,161.9,9.9,1088.1,802.6,14,22.72
190.3,0,125.2,161.9,9.9,1088.1,802.6,28,28.47
190.3,0,125.2,161.9,9.9,1088.1,802.6,56,38.56
190.3,0,125.2,161.9,9.9,1088.1,802.6,100,40.39
166.1,0,163.3,176.5,4.5,1058.6,780.1,3,10.76
166.1,0,163.3,176.5,4.5,1058.6,780.1,14,25.48
166.1,0,163.3,176.5,4.5,1058.6,780.1,28,21.54
166.1,0,163.3,176.5,4.5,1058.6,780.1,56,28.63
166.1,0,163.3,176.5,4.5,1058.6,780.1,100,33.54
168,42.1,163.8,121.8,5.7,1058.7,780.1,3,7.75
168,42.1,163.8,121.8,5.7,1058.7,780.1,14,17.82
168,42.1,163.8,121.8,5.7,1058.7,780.1,28,24.24
168,42.1,163.8,121.8,5.7,1058.7,780.1,56,32.85
168,42.1,163.8,121.8,5.7,1058.7,780.1,100,39.23
213.7,98.1,24.5,181.7,6.9,1065.8,785.4,3,18
213.7,98.1,24.5,181.7,6.9,1065.8,785.4,14,30.39
213.7,98.1,24.5,181.7,6.9,1065.8,785.4,28,45.71
213.7,98.1,24.5,181.7,6.9,1065.8,785.4,56,50.77
213.7,98.1,24.5,181.7,6.9,1065.8,785.4,100,53.9
213.8,98.1,24.5,181.7,6.7,1066,785.5,3,13.18
213.8,98.1,24.5,181.7,6.7,1066,785.5,14,17.84
213.8,98.1,24.5,181.7,6.7,1066,785.5,28,40.23
213.8,98.1,24.5,181.7,6.7,1066,785.5,56,47.13
213.8,98.1,24.5,181.7,6.7,1066,785.5,100,49.97
229.7,0,118.2,195.2,6.1,1028.1,757.6,3,13.36
229.7,0,118.2,195.2,6.1,1028.1,757.6,14,22.32
229.7,0,118.2,195.2,6.1,1028.1,757.6,28,24.54
229.7,0,118.2,195.2,6.1,1028.1,757.6,56,31.35
229.7,0,118.2,195.2,6.1,1028.1,757.6,100,40.86
238.1,0,94.1,186.7,7,949.9,847,3,19.93
238.1,0,94.1,186.7,7,949.9,847,14,25.69
238.1,0,94.1,186.7,7,949.9,847,28,30.23
238.1,0,94.1,186.7,7,949.9,847,56,39.59
238.1,0,94.1,186.7,7,949.9,847,100,44.3
250,0,95.7,187.4,5.5,956.9,861.2,3,13.82
250,0,95.7,187.4,5.5,956.9,861.2,14,24.92
250,0,95.7,187.4,5.5,956.9,861.2,28,29.22
250,0,95.7,187.4,5.5,956.9,861.2,56,38.33
250,0,95.7,187.4,5.5,956.9,861.2,100,42.35
212.5,0,100.4,159.3,8.7,1007.8,903.6,3,13.54
212.5,0,100.4,159.3,8.7,1007.8,903.6,14,26.31
212.5,0,100.4,159.3,8.7,1007.8,903.6,28,31.64
212.5,0,100.4,159.3,8.7,1007.8,903.6,56,42.55
212.5,0,100.4,159.3,8.7,1007.8,903.6,100,42.92
212.6,0,100.4,159.4,10.4,1003.8,903.8,3,13.33
212.6,0,100.4,159.4,10.4,1003.8,903.8,14,25.37
212.6,0,100.4,159.4,10.4,1003.8,903.8,28,37.4
212.6,0,100.4,159.4,10.4,1003.8,903.8,56,44.4
212.6,0,100.4,159.4,10.4,1003.8,903.8,100,47.74
212,0,124.8,159,7.8,1085.4,799.5,3,19.52
212,0,124.8,159,7.8,1085.4,799.5,14,31.35
212,0,124.8,159,7.8,1085.4,799.5,28,38.5
212,0,124.8,159,7.8,1085.4,799.5,56,45.08
212,0,124.8,159,7.8,1085.4,799.5,100,47.82
231.8,0,121.6,174,6.7,1056.4,778.5,3,15.44
231.8,0,121.6,174,6.7,1056.4,778.5,14,26.77
231.8,0,121.6,174,6.7,1056.4,778.5,28,33.73
231.8,0,121.6,174,6.7,1056.4,778.5,56,42.7
231.8,0,121.6,174,6.7,1056.4,778.5,100,45.84
251.4,0,118.3,188.5,5.8,1028.4,757.7,3,17.22
251.4,0,118.3,188.5,5.8,1028.4,757.7,14,29.93
251.4,0,118.3,188.5,5.8,1028.4,757.7,28,29.65
251.4,0,118.3,188.5,5.8,1028.4,757.7,56,36.97
251.4,0,118.3,188.5,5.8,1028.4,757.7,100,43.58
251.4,0,118.3,188.5,6.4,1028.4,757.7,3,13.12
251.4,0,118.3,188.5,6.4,1028.4,757.7,14,24.43
251.4,0,118.3,188.5,6.4,1028.4,757.7,28,32.66
251.4,0,118.3,188.5,6.4,1028.4,757.7,56,36.64
251.4,0,118.3,188.5,6.4,1028.4,757.7,100,44.21
181.4,0,167,169.6,7.6,1055.6,777.8,3,13.62
181.4,0,167,169.6,7.6,1055.6,777.8,14,21.6
181.4,0,167,169.6,7.6,1055.6,777.8,28,27.77
181.4,0,167,169.6,7.6,1055.6,777.8,56,35.57
181.4,0,167,169.6,7.6,1055.6,777.8,100,45.37
182,45.2,122,170.2,8.2,1059.4,780.7,3,7.32
182,45.2,122,170.2,8.2,1059.4,780.7,14,21.5
182,45.2,122,170.2,8.2,1059.4,780.7,28,31.27
182,45.2,122,170.2,8.2,1059.4,780.7,56,43.5
182,45.2,122,170.2,8.2,1059.4,780.7,100,48.67
168.9,42.2,124.3,158.3,10.8,1080.8,796.2,3,7.4
168.9,42.2,124.3,158.3,10.8,1080.8,796.2,14,23.51
168.9,42.2,124.3,158.3,10.8,1080.8,796.2,28,31.12
168.9,42.2,124.3,158.3,10.8,1080.8,796.2,56,39.15
168.9,42.2,124.3,158.3,10.8,1080.8,796.2,100,48.15
290.4,0,96.2,168.1,9.4,961.2,865,3,22.5
290.4,0,96.2,168.1,9.4,961.2,865,14,34.67
290.4,0,96.2,168.1,9.4,961.2,865,28,34.74
290.4,0,96.2,168.1,9.4,961.2,865,56,45.08
290.4,0,96.2,168.1,9.4,961.2,865,100,48.97
277.1,0,97.4,160.6,11.8,973.9,875.6,3,23.14
277.1,0,97.4,160.6,11.8,973.9,875.6,14,41.89
277.1,0,97.4,160.6,11.8,973.9,875.6,28,48.28
277.1,0,97.4,160.6,11.8,973.9,875.6,56,51.04
277.1,0,97.4,160.6,11.8,973.9,875.6,100,55.64
295.7,0,95.6,171.5,8.9,955.1,859.2,3,22.95
295.7,0,95.6,171.5,8.9,955.1,859.2,14,35.23
295.7,0,95.6,171.5,8.9,955.1,859.2,28,39.94
295.7,0,95.6,171.5,8.9,955.1,859.2,56,48.72
295.7,0,95.6,171.5,8.9,955.1,859.2,100,52.04
251.8,0,99.9,146.1,12.4,1006,899.8,3,21.02
251.8,0,99.9,146.1,12.4,1006,899.8,14,33.36
251.8,0,99.9,146.1,12.4,1006,899.8,28,33.94
251.8,0,99.9,146.1,12.4,1006,899.8,56,44.14
251.8,0,99.9,146.1,12.4,1006,899.8,100,45.37
249.1,0,98.8,158.1,12.8,987.8,889,3,15.36
249.1,0,98.8,158.1,12.8,987.8,889,14,28.68
249.1,0,98.8,158.1,12.8,987.8,889,28,30.85
249.1,0,98.8,158.1,12.8,987.8,889,56,42.03
249.1,0,98.8,158.1,12.8,987.8,889,100,51.06
252.3,0,98.8,146.3,14.2,987.8,889,3,21.78
252.3,0,98.8,146.3,14.2,987.8,889,14,42.29
252.3,0,98.8,146.3,14.2,987.8,889,28,50.6
252.3,0,98.8,146.3,14.2,987.8,889,56,55.83
252.3,0,98.8,146.3,14.2,987.8,889,100,60.95
246.8,0,125.1,143.3,12,1086.8,800.9,3,23.52
246.8,0,125.1,143.3,12,1086.8,800.9,14,42.22
246.8,0,125.1,143.3,12,1086.8,800.9,28,52.5
246.8,0,125.1,143.3,12,1086.8,800.9,56,60.32
246.8,0,125.1,143.3,12,1086.8,800.9,100,66.42
275.1,0,121.4,159.5,9.9,1053.6,777.5,3,23.8
275.1,0,121.4,159.5,9.9,1053.6,777.5,14,38.77
275.1,0,121.4,159.5,9.9,1053.6,777.5,28,51.33
275.1,0,121.4,159.5,9.9,1053.6,777.5,56,56.85
275.1,0,121.4,159.5,9.9,1053.6,777.5,100,58.61
297.2,0,117.5,174.8,9.5,1022.8,753.5,3,21.91
297.2,0,117.5,174.8,9.5,1022.8,753.5,14,36.99
297.2,0,117.5,174.8,9.5,1022.8,753.5,28,47.4
297.2,0,117.5,174.8,9.5,1022.8,753.5,56,51.96
297.2,0,117.5,174.8,9.5,1022.8,753.5,100,56.74
213.7,0,174.7,154.8,10.2,1053.5,776.4,3,17.57
213.7,0,174.7,154.8,10.2,1053.5,776.4,14,33.73
213.7,0,174.7,154.8,10.2,1053.5,776.4,28,40.15
213.7,0,174.7,154.8,10.2,1053.5,776.4,56,46.64
213.7,0,174.7,154.8,10.2,1053.5,776.4,100,50.08
213.5,0,174.2,154.6,11.7,1052.3,775.5,3,17.37
213.5,0,174.2,154.6,11.7,1052.3,775.5,14,33.7
213.5,0,174.2,154.6,11.7,1052.3,775.5,28,45.94
213.5,0,174.2,154.6,11.7,1052.3,775.5,56,51.43
213.5,0,174.2,154.6,11.7,1052.3,775.5,100,59.3
277.2,97.8,24.5,160.7,11.2,1061.7,782.5,3,30.45
277.2,97.8,24.5,160.7,11.2,1061.7,782.5,14,47.71
277.2,97.8,24.5,160.7,11.2,1061.7,782.5,28,63.14
277.2,97.8,24.5,160.7,11.2,1061.7,782.5,56,66.82
277.2,97.8,24.5,160.7,11.2,1061.7,782.5,100,66.95
218.2,54.6,123.8,140.8,11.9,1075.7,792.7,3,27.42
218.2,54.6,123.8,140.8,11.9,1075.7,792.7,14,35.96
218.2,54.6,123.8,140.8,11.9,1075.7,792.7,28,55.51
218.2,54.6,123.8,140.8,11.9,1075.7,792.7,56,61.99
218.2,54.6,123.8,140.8,11.9,1075.7,792.7,100,63.53
214.9,53.8,121.9,155.6,9.6,1014.3,780.6,3,18.02
214.9,53.8,121.9,155.6,9.6,1014.3,780.6,14,38.6
214.9,53.8,121.9,155.6,9.6,1014.3,780.6,28,52.2
214.9,53.8,121.9,155.6,9.6,1014.3,780.6,56,53.96
214.9,53.8,121.9,155.6,9.6,1014.3,780.6,100,56.63
218.9,0,124.1,158.5,11.3,1078.7,794.9,3,15.34
218.9,0,124.1,158.5,11.3,1078.7,794.9,14,26.05
218.9,0,124.1,158.5,11.3,1078.7,794.9,28,30.22
218.9,0,124.1,158.5,11.3,1078.7,794.9,56,37.27
218.9,0,124.1,158.5,11.3,1078.7,794.9,100,46.23
376,0,0,214.6,0,1003.5,762.4,3,16.28
376,0,0,214.6,0,1003.5,762.4,14,25.62
376,0,0,214.6,0,1003.5,762.4,28,31.97
376,0,0,214.6,0,1003.5,762.4,56,36.3
376,0,0,214.6,0,1003.5,762.4,100,43.06
500,0,0,140,4,966,853,28,67.57
475,0,59,142,1.9,1098,641,28,57.23
315,137,0,145,5.9,1130,745,28,81.75
505,0,60,195,0,1030,630,28,64.02
451,0,0,165,11.3,1030,745,28,78.8
516,0,0,162,8.2,801,802,28,41.37
520,0,0,170,5.2,855,855,28,60.28
528,0,0,185,6.9,920,720,28,56.83
520,0,0,175,5.2,870,805,28,51.02
385,0,136,158,20,903,768,28,55.55
500.1,0,0,200,3,1124.4,613.2,28,44.13
450.1,50,0,200,3,1124.4,613.2,28,39.38
397,17.2,158,167,20.8,967,633,28,55.65
333,17.5,163,167,17.9,996,652,28,47.28
334,17.6,158,189,15.3,967,633,28,44.33
405,0,0,175,0,1120,695,28,52.3
200,200,0,190,0,1145,660,28,49.25
516,0,0,162,8.3,801,802,28,41.37
145,116,119,184,5.7,833,880,28,29.16
160,128,122,182,6.4,824,879,28,39.4
234,156,0,189,5.9,981,760,28,39.3
250,180,95,159,9.5,860,800,28,67.87
475,0,0,162,9.5,1044,662,28,58.52
285,190,0,163,7.6,1031,685,28,53.58
356,119,0,160,9,1061,657,28,59
275,180,120,162,10.4,830,765,28,76.24
500,0,0,151,9,1033,655,28,69.84
165,0,143.6,163.8,0,1005.6,900.9,3,14.4
165,128.5,132.1,175.1,8.1,1005.8,746.6,3,19.42
178,129.8,118.6,179.9,3.6,1007.3,746.8,3,20.73
167.4,129.9,128.6,175.5,7.8,1006.3,746.6,3,14.94
172.4,13.6,172.4,156.8,4.1,1006.3,856.4,3,21.29
173.5,50.1,173.5,164.8,6.5,1006.2,793.5,3,23.08
167,75.4,167,164,7.9,1007.3,770.1,3,15.52
173.8,93.4,159.9,172.3,9.7,1007.2,746.6,3,15.82
190.3,0,125.2,166.6,9.9,1079,798.9,3,12.55
250,0,95.7,191.8,5.3,948.9,857.2,3,8.49
213.5,0,174.2,159.2,11.7,1043.6,771.9,3,15.61
194.7,0,100.5,170.2,7.5,998,901.8,3,12.18
251.4,0,118.3,192.9,5.8,1043.6,754.3,3,11.98
165,0,143.6,163.8,0,1005.6,900.9,14,16.88
165,128.5,132.1,175.1,8.1,1005.8,746.6,14,33.09
178,129.8,118.6,179.9,3.6,1007.3,746.8,14,34.24
167.4,129.9,128.6,175.5,7.8,1006.3,746.6,14,31.81
172.4,13.6,172.4,156.8,4.1,1006.3,856.4,14,29.75
173.5,50.1,173.5,164.8,6.5,1006.2,793.5,14,33.01
167,75.4,167,164,7.9,1007.3,770.1,14,32.9
173.8,93.4,159.9,172.3,9.7,1007.2,746.6,14,29.55
190.3,0,125.2,166.6,9.9,1079,798.9,14,19.42
250,0,95.7,191.8,5.3,948.9,857.2,14,24.66
213.5,0,174.2,159.2,11.7,1043.6,771.9,14,29.59
194.7,0,100.5,170.2,7.5,998,901.8,14,24.28
251.4,0,118.3,192.9,5.8,1043.6,754.3,14,20.73
165,0,143.6,163.8,0,1005.6,900.9,28,26.2
165,128.5,132.1,175.1,8.1,1005.8,746.6,28,46.39
178,129.8,118.6,179.9,3.6,1007.3,746.8,28,39.16
167.4,129.9,128.6,175.5,7.8,1006.3,746.6,28,41.2
172.4,13.6,172.4,156.8,4.1,1006.3,856.4,28,33.69
173.5,50.1,173.5,164.8,6.5,1006.2,793.5,28,38.2
167,75.4,167,164,7.9,1007.3,770.1,28,41.41
173.8,93.4,159.9,172.3,9.7,1007.2,746.6,28,37.81
190.3,0,125.2,166.6,9.9,1079,798.9,28,24.85
250,0,95.7,191.8,5.3,948.9,857.2,28,27.22
213.5,0,174.2,159.2,11.7,1043.6,771.9,28,44.64
194.7,0,100.5,170.2,7.5,998,901.8,28,37.27
251.4,0,118.3,192.9,5.8,1043.6,754.3,28,33.27
165,0,143.6,163.8,0,1005.6,900.9,56,36.56
165,128.5,132.1,175.1,8.1,1005.8,746.6,56,53.72
178,129.8,118.6,179.9,3.6,1007.3,746.8,56,48.59
167.4,129.9,128.6,175.5,7.8,1006.3,746.6,56,51.72
172.4,13.6,172.4,156.8,4.1,1006.3,856.4,56,35.85
173.5,50.1,173.5,164.8,6.5,1006.2,793.5,56,53.77
167,75.4,167,164,7.9,1007.3,770.1,56,53.46
173.8,93.4,159.9,172.3,9.7,1007.2,746.6,56,48.99
190.3,0,125.2,166.6,9.9,1079,798.9,56,31.72
250,0,95.7,191.8,5.3,948.9,857.2,56,39.64
213.5,0,174.2,159.2,11.7,1043.6,771.9,56,51.26
194.7,0,100.5,170.2,7.5,998,901.8,56,43.39
251.4,0,118.3,192.9,5.8,1043.6,754.3,56,39.27
165,0,143.6,163.8,0,1005.6,900.9,100,37.96
165,128.5,132.1,175.1,8.1,1005.8,746.6,100,55.02
178,129.8,118.6,179.9,3.6,1007.3,746.8,100,49.99
167.4,129.9,128.6,175.5,7.8,1006.3,746.6,100,53.66
172.4,13.6,172.4,156.8,4.1,1006.3,856.4,100,37.68
173.5,50.1,173.5,164.8,6.5,1006.2,793.5,100,56.06
167,75.4,167,164,7.9,1007.3,770.1,100,56.81
173.8,93.4,159.9,172.3,9.7,1007.2,746.6,100,50.94
190.3,0,125.2,166.6,9.9,1079,798.9,100,33.56
250,0,95.7,191.8,5.3,948.9,857.2,100,41.16
213.5,0,174.2,159.2,11.7,1043.6,771.9,100,52.96
194.7,0,100.5,170.2,7.5,998,901.8,100,44.28
251.4,0,118.3,192.9,5.8,1043.6,754.3,100,40.15
446,24,79,162,11.6,967,712,28,57.03
446,24,79,162,11.6,967,712,28,44.42
446,24,79,162,11.6,967,712,28,51.02
446,24,79,162,10.3,967,712,28,53.39
446,24,79,162,11.6,967,712,3,35.36
446,24,79,162,11.6,967,712,3,25.02
446,24,79,162,11.6,967,712,3,23.35
446,24,79,162,11.6,967,712,7,52.01
446,24,79,162,11.6,967,712,7,38.02
446,24,79,162,11.6,967,712,7,39.3
446,24,79,162,11.6,967,712,56,61.07
446,24,79,162,11.6,967,712,56,56.14
446,24,79,162,11.6,967,712,56,55.25
446,24,79,162,10.3,967,712,56,54.77
387,20,94,157,14.3,938,845,28,50.24
387,20,94,157,13.9,938,845,28,46.68
387,20,94,157,11.6,938,845,28,46.68
387,20,94,157,14.3,938,845,3,22.75
387,20,94,157,13.9,938,845,3,25.51
387,20,94,157,11.6,938,845,3,34.77
387,20,94,157,14.3,938,845,7,36.84
387,20,94,157,13.9,938,845,7,45.9
387,20,94,157,11.6,938,845,7,41.67
387,20,94,157,14.3,938,845,56,56.34
387,20,94,157,13.9,938,845,56,47.97
387,20,94,157,11.6,938,845,56,61.46
355,19,97,145,13.1,967,871,28,44.03
355,19,97,145,12.3,967,871,28,55.45
491,26,123,210,3.9,882,699,28,55.55
491,26,123,201,3.9,822,699,28,57.92
491,26,123,210,3.9,882,699,3,25.61
491,26,123,210,3.9,882,699,7,33.49
491,26,123,210,3.9,882,699,56,59.59
491,26,123,201,3.9,822,699,3,29.55
491,26,123,201,3.9,822,699,7,37.92
491,26,123,201,3.9,822,699,56,61.86
424,22,132,178,8.5,822,750,28,62.05
424,22,132,178,8.5,882,750,3,32.01
424,22,132,168,8.9,822,750,28,72.1
424,22,132,178,8.5,822,750,7,39
424,22,132,178,8.5,822,750,56,65.7
424,22,132,168,8.9,822,750,3,32.11
424,22,132,168,8.9,822,750,7,40.29
424,22,132,168,8.9,822,750,56,74.36
202,11,141,206,1.7,942,801,28,21.97
202,11,141,206,1.7,942,801,3,9.85
202,11,141,206,1.7,942,801,7,15.07
202,11,141,206,1.7,942,801,56,23.25
284,15,141,179,5.5,842,801,28,43.73
284,15,141,179,5.5,842,801,3,13.4
284,15,141,179,5.5,842,801,7,24.13
284,15,141,179,5.5,842,801,56,44.52
359,19,141,154,10.9,942,801,28,62.94
359,19,141,154,10.9,942,801,28,59.49
359,19,141,154,10.9,942,801,3,25.12
359,19,141,154,10.9,942,801,3,23.64
359,19,141,154,10.9,942,801,7,35.75
359,19,141,154,10.9,942,801,7,38.61
359,19,141,154,10.9,942,801,56,68.75
359,19,141,154,10.9,942,801,56,66.78
436,0,0,218,0,838.4,719.7,28,23.85
289,0,0,192,0,913.2,895.3,90,32.07
289,0,0,192,0,913.2,895.3,3,11.65
393,0,0,192,0,940.6,785.6,3,19.2
393,0,0,192,0,940.6,785.6,90,48.85
393,0,0,192,0,940.6,785.6,28,39.6
480,0,0,192,0,936.2,712.2,28,43.94
480,0,0,192,0,936.2,712.2,7,34.57
480,0,0,192,0,936.2,712.2,90,54.32
480,0,0,192,0,936.2,712.2,3,24.4
333,0,0,192,0,931.2,842.6,3,15.62
255,0,0,192,0,889.8,945,90,21.86
255,0,0,192,0,889.8,945,7,10.22
289,0,0,192,0,913.2,895.3,7,14.6
255,0,0,192,0,889.8,945,28,18.75
333,0,0,192,0,931.2,842.6,28,31.97
333,0,0,192,0,931.2,842.6,7,23.4
289,0,0,192,0,913.2,895.3,28,25.57
333,0,0,192,0,931.2,842.6,90,41.68
393,0,0,192,0,940.6,785.6,7,27.74
255,0,0,192,0,889.8,945,3,8.2
158.8,238.2,0,185.7,0,1040.6,734.3,7,9.62
239.6,359.4,0,185.7,0,941.6,664.3,7,25.42
238.2,158.8,0,185.7,0,1040.6,734.3,7,15.69
181.9,272.8,0,185.7,0,1012.4,714.3,28,27.94
193.5,290.2,0,185.7,0,998.2,704.3,28,32.63
255.5,170.3,0,185.7,0,1026.6,724.3,7,17.24
272.8,181.9,0,185.7,0,1012.4,714.3,7,19.77
239.6,359.4,0,185.7,0,941.6,664.3,28,39.44
220.8,147.2,0,185.7,0,1055,744.3,28,25.75
397,0,0,185.7,0,1040.6,734.3,28,33.08
382.5,0,0,185.7,0,1047.8,739.3,7,24.07
210.7,316.1,0,185.7,0,977,689.3,7,21.82
158.8,238.2,0,185.7,0,1040.6,734.3,28,21.07
295.8,0,0,185.7,0,1091.4,769.3,7,14.84
255.5,170.3,0,185.7,0,1026.6,724.3,28,32.05
203.5,135.7,0,185.7,0,1076.2,759.3,7,11.96
397,0,0,185.7,0,1040.6,734.3,7,25.45
381.4,0,0,185.7,0,1104.6,784.3,28,22.49
295.8,0,0,185.7,0,1091.4,769.3,28,25.22
228,342.1,0,185.7,0,955.8,674.3,28,39.7
220.8,147.2,0,185.7,0,1055,744.3,7,13.09
316.1,210.7,0,185.7,0,977,689.3,28,38.7
135.7,203.5,0,185.7,0,1076.2,759.3,7,7.51
238.1,0,0,185.7,0,1118.8,789.3,28,17.58
339.2,0,0,185.7,0,1069.2,754.3,7,21.18
135.7,203.5,0,185.7,0,1076.2,759.3,28,18.2
193.5,290.2,0,185.7,0,998.2,704.3,7,17.2
203.5,135.7,0,185.7,0,1076.2,759.3,28,22.63
290.2,193.5,0,185.7,0,998.2,704.3,7,21.86
181.9,272.8,0,185.7,0,1012.4,714.3,7,12.37
170.3,155.5,0,185.7,0,1026.6,724.3,28,25.73
210.7,316.1,0,185.7,0,977,689.3,28,37.81
228,342.1,0,185.7,0,955.8,674.3,7,21.92
290.2,193.5,0,185.7,0,998.2,704.3,28,33.04
381.4,0,0,185.7,0,1104.6,784.3,7,14.54
238.2,158.8,0,185.7,0,1040.6,734.3,28,26.91
186.2,124.1,0,185.7,0,1083.4,764.3,7,8
339.2,0,0,185.7,0,1069.2,754.3,28,31.9
238.1,0,0,185.7,0,1118.8,789.3,7,10.34
252.5,0,0,185.7,0,1111.6,784.3,28,19.77
382.5,0,0,185.7,0,1047.8,739.3,28,37.44
252.5,0,0,185.7,0,1111.6,784.3,7,11.48
316.1,210.7,0,185.7,0,977,689.3,7,24.44
186.2,124.1,0,185.7,0,1083.4,764.3,28,17.6
170.3,155.5,0,185.7,0,1026.6,724.3,7,10.73
272.8,181.9,0,185.7,0,1012.4,714.3,28,31.38
339,0,0,197,0,968,781,3,13.22
339,0,0,197,0,968,781,7,20.97
339,0,0,197,0,968,781,14,27.04
339,0,0,197,0,968,781,28,32.04
339,0,0,197,0,968,781,90,35.17
339,0,0,197,0,968,781,180,36.45
339,0,0,197,0,968,781,365,38.89
236,0,0,194,0,968,885,3,6.47
236,0,0,194,0,968,885,14,12.84
236,0,0,194,0,968,885,28,18.42
236,0,0,194,0,968,885,90,21.95
236,0,0,193,0,968,885,180,24.1
236,0,0,193,0,968,885,365,25.08
277,0,0,191,0,968,856,14,21.26
277,0,0,191,0,968,856,28,25.97
277,0,0,191,0,968,856,3,11.36
277,0,0,191,0,968,856,90,31.25
277,0,0,191,0,968,856,180,32.33
277,0,0,191,0,968,856,360,33.7
254,0,0,198,0,968,863,3,9.31
254,0,0,198,0,968,863,90,26.94
254,0,0,198,0,968,863,180,27.63
254,0,0,198,0,968,863,365,29.79
307,0,0,193,0,968,812,180,34.49
307,0,0,193,0,968,812,365,36.15
307,0,0,193,0,968,812,3,12.54
307,0,0,193,0,968,812,28,27.53
307,0,0,193,0,968,812,90,32.92
236,0,0,193,0,968,885,7,9.99
200,0,0,180,0,1125,845,7,7.84
200,0,0,180,0,1125,845,28,12.25
225,0,0,181,0,1113,833,7,11.17
225,0,0,181,0,1113,833,28,17.34
325,0,0,184,0,1063,783,7,17.54
325,0,0,184,0,1063,783,28,30.57
275,0,0,183,0,1088,808,7,14.2
275,0,0,183,0,1088,808,28,24.5
300,0,0,184,0,1075,795,7,15.58
300,0,0,184,0,1075,795,28,26.85
375,0,0,186,0,1038,758,7,26.06
375,0,0,186,0,1038,758,28,38.21
400,0,0,187,0,1025,745,28,43.7
400,0,0,187,0,1025,745,7,30.14
250,0,0,182,0,1100,820,7,12.73
250,0,0,182,0,1100,820,28,20.87
350,0,0,186,0,1050,770,7,20.28
350,0,0,186,0,1050,770,28,34.29
203.5,305.3,0,203.5,0,963.4,630,7,19.54
250.2,166.8,0,203.5,0,977.6,694.1,90,47.71
157,236,0,192,0,935.4,781.2,90,43.38
141.3,212,0,203.5,0,971.8,748.5,28,29.89
166.8,250.2,0,203.5,0,975.6,692.6,3,6.9
122.6,183.9,0,203.5,0,958.2,800.1,90,33.19
183.9,122.6,0,203.5,0,959.2,800,3,4.9
102,153,0,192,0,887,942,3,4.57
102,153,0,192,0,887,942,90,25.46
122.6,183.9,0,203.5,0,958.2,800.1,28,24.29
166.8,250.2,0,203.5,0,975.6,692.6,28,33.95
200,133,0,192,0,965.4,806.2,3,11.41
108.3,162.4,0,203.5,0,938.2,849,28,20.59
305.3,203.5,0,203.5,0,965.4,631,7,25.89
108.3,162.4,0,203.5,0,938.2,849,90,29.23
116,173,0,192,0,909.8,891.9,90,31.02
141.3,212,0,203.5,0,971.8,748.5,7,10.39
157,236,0,192,0,935.4,781.2,28,33.66
133,200,0,192,0,927.4,839.2,28,27.87
250.2,166.8,0,203.5,0,977.6,694.1,7,19.35
173,116,0,192,0,946.8,856.8,7,11.39
192,288,0,192,0,929.8,716.1,3,12.79
192,288,0,192,0,929.8,716.1,28,39.32
153,102,0,192,0,888,943.1,3,4.78
288,192,0,192,0,932,717.8,3,16.11
305.3,203.5,0,203.5,0,965.4,631,28,43.38
236,157,0,192,0,972.6,749.1,7,20.42
173,116,0,192,0,946.8,856.8,3,6.94
212,141.3,0,203.5,0,973.4,750,7,15.03
236,157,0,192,0,972.6,749.1,3,13.57
183.9,122.6,0,203.5,0,959.2,800,90,32.53
166.8,250.2,0,203.5,0,975.6,692.6,7,15.75
102,153,0,192,0,887,942,7,7.68
288,192,0,192,0,932,717.8,28,38.8
212,141.3,0,203.5,0,973.4,750,28,33
102,153,0,192,0,887,942,28,17.28
173,116,0,192,0,946.8,856.8,28,24.28
183.9,122.6,0,203.5,0,959.2,800,28,24.05
133,200,0,192,0,927.4,839.2,90,36.59
192,288,0,192,0,929.8,716.1,90,50.73
133,200,0,192,0,927.4,839.2,7,13.66
305.3,203.5,0,203.5,0,965.4,631,3,14.14
236,157,0,192,0,972.6,749.1,90,47.78
108.3,162.4,0,203.5,0,938.2,849,3,2.33
157,236,0,192,0,935.4,781.2,7,16.89
288,192,0,192,0,932,717.8,7,23.52
212,141.3,0,203.5,0,973.4,750,3,6.81
212,141.3,0,203.5,0,973.4,750,90,39.7
153,102,0,192,0,888,943.1,28,17.96
236,157,0,192,0,972.6,749.1,28,32.88
116,173,0,192,0,909.8,891.9,28,22.35
183.9,122.6,0,203.5,0,959.2,800,7,10.79
108.3,162.4,0,203.5,0,938.2,849,7,7.72
203.5,305.3,0,203.5,0,963.4,630,28,41.68
203.5,305.3,0,203.5,0,963.4,630,3,9.56
133,200,0,192,0,927.4,839.2,3,6.88
288,192,0,192,0,932,717.8,90,50.53
200,133,0,192,0,965.4,806.2,7,17.17
200,133,0,192,0,965.4,806.2,28,30.44
250.2,166.8,0,203.5,0,977.6,694.1,3,9.73
122.6,183.9,0,203.5,0,958.2,800.1,3,3.32
153,102,0,192,0,888,943.1,90,26.32
200,133,0,192,0,965.4,806.2,90,43.25
116,173,0,192,0,909.8,891.9,3,6.28
173,116,0,192,0,946.8,856.8,90,32.1
250.2,166.8,0,203.5,0,977.6,694.1,28,36.96
305.3,203.5,0,203.5,0,965.4,631,90,54.6
192,288,0,192,0,929.8,716.1,7,21.48
157,236,0,192,0,935.4,781.2,3,9.69
153,102,0,192,0,888,943.1,7,8.37
141.3,212,0,203.5,0,971.8,748.5,90,39.66
116,173,0,192,0,909.8,891.9,7,10.09
141.3,212,0,203.5,0,971.8,748.5,3,4.83
122.6,183.9,0,203.5,0,958.2,800.1,7,10.35
166.8,250.2,0,203.5,0,975.6,692.6,90,43.57
203.5,305.3,0,203.5,0,963.4,630,90,51.86
310,0,0,192,0,1012,830,3,11.85
310,0,0,192,0,1012,830,7,17.24
310,0,0,192,0,1012,830,28,27.83
310,0,0,192,0,1012,830,90,35.76
310,0,0,192,0,1012,830,120,38.7
331,0,0,192,0,1025,821,3,14.31
331,0,0,192,0,1025,821,7,17.44
331,0,0,192,0,1025,821,28,31.74
331,0,0,192,0,1025,821,90,37.91
331,0,0,192,0,1025,821,120,39.38
349,0,0,192,0,1056,809,3,15.87
349,0,0,192,0,1056,809,7,9.01
349,0,0,192,0,1056,809,28,33.61
349,0,0,192,0,1056,809,90,40.66
349,0,0,192,0,1056,809,120,40.86
238,0,0,186,0,1119,789,7,12.05
238,0,0,186,0,1119,789,28,17.54
296,0,0,186,0,1090,769,7,18.91
296,0,0,186,0,1090,769,28,25.18
297,0,0,186,0,1040,734,7,30.96
480,0,0,192,0,936,721,28,43.89
480,0,0,192,0,936,721,90,54.28
397,0,0,186,0,1040,734,28,36.94
281,0,0,186,0,1104,774,7,14.5
281,0,0,185,0,1104,774,28,22.44
500,0,0,200,0,1125,613,1,12.64
500,0,0,200,0,1125,613,3,26.06
500,0,0,200,0,1125,613,7,33.21
500,0,0,200,0,1125,613,14,36.94
500,0,0,200,0,1125,613,28,44.09
540,0,0,173,0,1125,613,7,52.61
540,0,0,173,0,1125,613,14,59.76
540,0,0,173,0,1125,613,28,67.31
540,0,0,173,0,1125,613,90,69.66
540,0,0,173,0,1125,613,180,71.62
540,0,0,173,0,1125,613,270,74.17
350,0,0,203,0,974,775,7,18.13
350,0,0,203,0,974,775,14,22.53
350,0,0,203,0,974,775,28,27.34
350,0,0,203,0,974,775,56,29.98
350,0,0,203,0,974,775,90,31.35
350,0,0,203,0,974,775,180,32.72
385,0,0,186,0,966,763,1,6.27
385,0,0,186,0,966,763,3,14.7
385,0,0,186,0,966,763,7,23.22
385,0,0,186,0,966,763,14,27.92
385,0,0,186,0,966,763,28,31.35
331,0,0,192,0,978,825,180,39
331,0,0,192,0,978,825,360,41.24
349,0,0,192,0,1047,806,3,14.99
331,0,0,192,0,978,825,3,13.52
382,0,0,186,0,1047,739,7,24
382,0,0,186,0,1047,739,28,37.42
382,0,0,186,0,1111,784,7,11.47
281,0,0,186,0,1104,774,28,22.44
339,0,0,185,0,1069,754,7,21.16
339,0,0,185,0,1069,754,28,31.84
295,0,0,185,0,1069,769,7,14.8
295,0,0,185,0,1069,769,28,25.18
238,0,0,185,0,1118,789,28,17.54
296,0,0,192,0,1085,765,7,14.2
296,0,0,192,0,1085,765,28,21.65
296,0,0,192,0,1085,765,90,29.39
331,0,0,192,0,879,825,3,13.52
331,0,0,192,0,978,825,7,16.26
331,0,0,192,0,978,825,28,31.45
331,0,0,192,0,978,825,90,37.23
349,0,0,192,0,1047,806,7,18.13
349,0,0,192,0,1047,806,28,32.72
349,0,0,192,0,1047,806,90,39.49
349,0,0,192,0,1047,806,180,41.05
349,0,0,192,0,1047,806,360,42.13
302,0,0,203,0,974,817,14,18.13
302,0,0,203,0,974,817,180,26.74
525,0,0,189,0,1125,613,180,61.92
500,0,0,200,0,1125,613,90,47.22
500,0,0,200,0,1125,613,180,51.04
500,0,0,200,0,1125,613,270,55.16
540,0,0,173,0,1125,613,3,41.64
252,0,0,185,0,1111,784,7,13.71
252,0,0,185,0,1111,784,28,19.69
339,0,0,185,0,1060,754,28,31.65
393,0,0,192,0,940,758,3,19.11
393,0,0,192,0,940,758,28,39.58
393,0,0,192,0,940,758,90,48.79
382,0,0,185,0,1047,739,7,24
382,0,0,185,0,1047,739,28,37.42
252,0,0,186,0,1111,784,7,11.47
310,0,0,192,0,970,850,7,14.99
310,0,0,192,0,970,850,28,27.92
310,0,0,192,0,970,850,90,34.68
310,0,0,192,0,970,850,180,37.33
310,0,0,192,0,970,850,360,38.11
525,0,0,189,0,1125,613,3,33.8
525,0,0,189,0,1125,613,7,42.42
525,0,0,189,0,1125,613,14,48.4
525,0,0,189,0,1125,613,28,55.94
525,0,0,189,0,1125,613,90,58.78
525,0,0,189,0,1125,613,270,67.11
322,0,0,203,0,974,800,14,20.77
322,0,0,203,0,974,800,28,25.18
322,0,0,203,0,974,800,180,29.59
302,0,0,203,0,974,817,28,21.75
397,0,0,185,0,1040,734,28,39.09
480,0,0,192,0,936,721,3,24.39
522,0,0,146,0,896,896,7,50.51
522,0,0,146,0,896,896,28,74.99
273,105,82,210,9,904,680,28,37.17
162,190,148,179,19,838,741,28,33.76
154,144,112,220,10,923,658,28,16.5
147,115,89,202,9,860,829,28,19.99
152,178,139,168,18,944,695,28,36.35
310,143,111,168,22,914,651,28,33.69
144,0,175,158,18,943,844,28,15.42
304,140,0,214,6,895,722,28,33.42
374,0,0,190,7,1013,730,28,39.05
159,149,116,175,15,953,720,28,27.68
153,239,0,200,6,1002,684,28,26.86
310,143,0,168,10,914,804,28,45.3
305,0,100,196,10,959,705,28,30.12
151,0,184,167,12,991,772,28,15.57
142,167,130,174,11,883,785,28,44.61
298,137,107,201,6,878,655,28,53.52
321,164,0,190,5,870,774,28,57.21
366,187,0,191,7,824,757,28,65.91
280,129,100,172,9,825,805,28,52.82
252,97,76,194,8,835,821,28,33.4
165,0,150,182,12,1023,729,28,18.03
156,243,0,180,11,1022,698,28,37.36
160,188,146,203,11,829,710,28,32.84
298,0,107,186,6,879,815,28,42.64
318,0,126,210,6,861,737,28,40.06
287,121,94,188,9,904,696,28,41.94
326,166,0,174,9,882,790,28,61.23
356,0,142,193,11,801,778,28,40.87
132,207,161,179,5,867,736,28,33.3
322,149,0,186,8,951,709,28,52.42
164,0,200,181,13,849,846,28,15.09
314,0,113,170,10,925,783,28,38.46
321,0,128,182,11,870,780,28,37.26
140,164,128,237,6,869,656,28,35.23
288,121,0,177,7,908,829,28,42.13
298,0,107,210,11,880,744,28,31.87
265,111,86,195,6,833,790,28,41.54
160,250,0,168,12,1049,688,28,39.45
166,260,0,183,13,859,827,28,37.91
276,116,90,180,9,870,768,28,44.28
322,0,116,196,10,818,813,28,31.18
149,139,109,193,6,892,780,28,23.69
159,187,0,176,11,990,789,28,32.76
261,100,78,201,9,864,761,28,32.4
237,92,71,247,6,853,695,28,28.63
313,0,113,178,8,1002,689,28,36.8
155,183,0,193,9,1047,697,28,18.28
146,230,0,202,3,827,872,28,33.06
296,0,107,221,11,819,778,28,31.42
133,210,0,196,3,949,795,28,31.03
313,145,0,178,8,867,824,28,44.39
152,0,112,184,8,992,816,28,12.18
153,145,113,178,8,1002,689,28,25.56
140,133,103,200,7,916,753,28,36.44
149,236,0,176,13,847,893,28,32.96
300,0,120,212,10,878,728,28,23.84
153,145,113,178,8,867,824,28,26.23
148,0,137,158,16,1002,830,28,17.95
326,0,138,199,11,801,792,28,40.68
153,145,0,178,8,1000,822,28,19.01
262,111,86,195,5,895,733,28,33.72
158,0,195,220,11,898,713,28,8.54
151,0,185,167,16,1074,678,28,13.46
273,0,90,199,11,931,762,28,32.24
149,118,92,183,7,953,780,28,23.52
143,169,143,191,8,967,643,28,29.72
260,101,78,171,10,936,763,28,49.77
313,161,0,178,10,917,759,28,52.44
284,120,0,168,7,970,794,28,40.93
336,0,0,182,3,986,817,28,44.86
145,0,134,181,11,979,812,28,13.2
150,237,0,174,12,1069,675,28,37.43
144,170,133,192,8,814,805,28,29.87
331,170,0,195,8,811,802,28,56.61
155,0,143,193,9,1047,697,28,12.46
155,183,0,193,9,877,868,28,23.79
135,0,166,180,10,961,805,28,13.29
266,112,87,178,10,910,745,28,39.42
314,145,113,179,8,869,690,28,46.23
313,145,0,127,8,1000,822,28,44.52
146,173,0,182,3,986,817,28,23.74
144,136,106,178,7,941,774,28,26.14
148,0,182,181,15,839,884,28,15.52
277,117,91,191,7,946,666,28,43.57
298,0,107,164,13,953,784,28,35.86
313,145,0,178,8,1002,689,28,41.05
155,184,143,194,9,880,699,28,28.99
289,134,0,195,6,924,760,28,46.24
148,175,0,171,2,1000,828,28,26.92
145,0,179,202,8,824,869,28,10.54
313,0,0,178,8,1000,822,28,25.1
136,162,126,172,10,923,764,28,29.07
155,0,143,193,9,877,868,28,9.74
255,99,77,189,6,919,749,28,33.8
162,207,172,216,10,822,638,28,39.84
136,196,98,199,6,847,783,28,26.97
164,163,128,197,8,961,641,28,27.23
162,214,164,202,10,820,680,28,30.65
157,214,152,200,9,819,704,28,33.05
149,153,194,192,8,935,623,28,24.58
135,105,193,196,6,965,643,28,21.91
159,209,161,201,7,848,669,28,30.88
144,15,195,176,6,1021,709,28,15.34
154,174,185,228,7,845,612,28,24.34
167,187,195,185,7,898,636,28,23.89
184,86,190,213,6,923,623,28,22.93
156,178,187,221,7,854,614,28,29.41
236.9,91.7,71.5,246.9,6,852.9,695.4,28,28.63
313.3,0,113,178.5,8,1001.9,688.7,28,36.8
154.8,183.4,0,193.3,9.1,1047.4,696.7,28,18.29
145.9,230.5,0,202.5,3.4,827,871.8,28,32.72
296,0,106.7,221.4,10.5,819.2,778.4,28,31.42
133.1,210.2,0,195.7,3.1,949.4,795.3,28,28.94
313.3,145,0,178.5,8,867.2,824,28,40.93
151.6,0,111.9,184.4,7.9,992,815.9,28,12.18
153.1,145,113,178.5,8,1001.9,688.7,28,25.56
139.9,132.6,103.3,200.3,7.4,916,753.4,28,36.44
149.5,236,0,175.8,12.6,846.8,892.7,28,32.96
299.8,0,119.8,211.5,9.9,878.2,727.6,28,23.84
153.1,145,113,178.5,8,867.2,824,28,26.23
148.1,0,136.6,158.1,16.1,1001.8,830.1,28,17.96
326.5,0,137.9,199,10.8,801.1,792.5,28,38.63
152.7,144.7,0,178.1,8,999.7,822.2,28,19.01
261.9,110.5,86.1,195.4,5,895.2,732.6,28,33.72
158.4,0,194.9,219.7,11,897.7,712.9,28,8.54
150.7,0,185.3,166.7,15.6,1074.5,678,28,13.46
272.6,0,89.6,198.7,10.6,931.3,762.2,28,32.25
149,117.6,91.7,182.9,7.1,953.4,780.3,28,23.52
143,169.4,142.7,190.7,8.4,967.4,643.5,28,29.73
259.9,100.6,78.4,170.6,10.4,935.7,762.9,28,49.77
312.9,160.5,0,177.6,9.6,916.6,759.5,28,52.45
284,119.7,0,168.3,7.2,970.4,794.2,28,40.93
336.5,0,0,181.9,3.4,985.8,816.8,28,44.87
144.8,0,133.6,180.8,11.1,979.5,811.5,28,13.2
150,236.8,0,173.8,11.9,1069.3,674.8,28,37.43
143.7,170.2,132.6,191.6,8.5,814.1,805.3,28,29.87
330.5,169.6,0,194.9,8.1,811,802.3,28,56.62
154.8,0,142.8,193.3,9.1,1047.4,696.7,28,12.46
154.8,183.4,0,193.3,9.1,877.2,867.7,28,23.79
134.7,0,165.7,180.2,10,961,804.9,28,13.29
266.2,112.3,87.5,177.9,10.4,909.7,744.5,28,39.42
314,145.3,113.2,178.9,8,869.1,690.2,28,46.23
312.7,144.7,0,127.3,8,999.7,822.2,28,44.52
145.7,172.6,0,181.9,3.4,985.8,816.8,28,23.74
143.8,136.3,106.2,178.1,7.5,941.5,774.3,28,26.15
148.1,0,182.1,181.4,15,838.9,884.3,28,15.53
277,116.8,91,190.6,7,946.5,665.6,28,43.58
298.1,0,107.5,163.6,12.8,953.2,784,28,35.87
313.3,145,0,178.5,8,1001.9,688.7,28,41.05
155.2,183.9,143.2,193.8,9.2,879.6,698.5,28,28.99
289,133.7,0,194.9,5.5,924.1,760.1,28,46.25
147.8,175.1,0,171.2,2.2,1000,828.5,28,26.92
145.4,0,178.9,201.7,7.8,824,868.7,28,10.54
312.7,0,0,178.1,8,999.7,822.2,28,25.1
136.4,161.6,125.8,171.6,10.4,922.6,764.4,28,29.07
154.8,0,142.8,193.3,9.1,877.2,867.7,28,9.74
255.3,98.8,77,188.6,6.5,919,749.3,28,33.8
272.8,105.1,81.8,209.7,9,904,679.7,28,37.17
162,190.1,148.1,178.8,18.8,838.1,741.4,28,33.76
153.6,144.2,112.3,220.1,10.1,923.2,657.9,28,16.5
146.5,114.6,89.3,201.9,8.8,860,829.5,28,19.99
151.8,178.1,138.7,167.5,18.3,944,694.6,28,36.35
309.9,142.8,111.2,167.8,22.1,913.9,651.2,28,38.22
143.6,0,174.9,158.4,17.9,942.7,844.5,28,15.42
303.6,139.9,0,213.5,6.2,895.5,722.5,28,33.42
374.3,0,0,190.2,6.7,1013.2,730.4,28,39.06
158.6,148.9,116,175.1,15,953.3,719.7,28,27.68
152.6,238.7,0,200,6.3,1001.8,683.9,28,26.86
310,142.8,0,167.9,10,914.3,804,28,45.3
304.8,0,99.6,196,9.8,959.4,705.2,28,30.12
150.9,0,183.9,166.6,11.6,991.2,772.2,28,15.57
141.9,166.6,129.7,173.5,10.9,882.6,785.3,28,44.61
297.8,137.2,106.9,201.3,6,878.4,655.3,28,53.52
321.3,164.2,0,190.5,4.6,870,774,28,57.22
366,187,0,191.3,6.6,824.3,756.9,28,65.91
279.8,128.9,100.4,172.4,9.5,825.1,804.9,28,52.83
252.1,97.1,75.6,193.8,8.3,835.5,821.4,28,33.4
164.6,0,150.4,181.6,11.7,1023.3,728.9,28,18.03
155.6,243.5,0,180.3,10.7,1022,697.7,28,37.36
160.2,188,146.4,203.2,11.3,828.7,709.7,28,35.31
298.1,0,107,186.4,6.1,879,815.2,28,42.64
317.9,0,126.5,209.7,5.7,860.5,736.6,28,40.06
287.3,120.5,93.9,187.6,9.2,904.4,695.9,28,43.8
325.6,166.4,0,174,8.9,881.6,790,28,61.24
355.9,0,141.6,193.3,11,801.4,778.4,28,40.87
132,206.5,160.9,178.9,5.5,866.9,735.6,28,33.31
322.5,148.6,0,185.8,8.5,951,709.5,28,52.43
164.2,0,200.1,181.2,12.6,849.3,846,28,15.09
313.8,0,112.6,169.9,10.1,925.3,782.9,28,38.46
321.4,0,127.9,182.5,11.5,870.1,779.7,28,37.27
139.7,163.9,127.7,236.7,5.8,868.6,655.6,28,35.23
288.4,121,0,177.4,7,907.9,829.5,28,42.14
298.2,0,107,209.7,11.1,879.6,744.2,28,31.88
264.5,111,86.5,195.5,5.9,832.6,790.4,28,41.54
159.8,250,0,168.4,12.2,1049.3,688.2,28,39.46
166,259.7,0,183.2,12.7,858.8,826.8,28,37.92
276.4,116,90.3,179.6,8.9,870.1,768.3,28,44.28
322.2,0,115.6,196,10.4,817.9,813.4,28,31.18
148.5,139.4,108.6,192.7,6.1,892.4,780,28,23.7
159.1,186.7,0,175.6,11.3,989.6,788.9,28,32.77
260.9,100.5,78.3,200.6,8.6,864.5,761.5,28,32.4
140.1,4.2,215.9,193.9,4.7,1049.5,710.1,28,26.42
162,148,190,179,19,838,741,28,42.08
322,0,149,186,8,951,709,28,45.42
296,97,0,219,9,932,685,28,29.23
159,193,0,208,12,821,818,28,19.19
150.3,111.4,238.8,167.3,6.5,999.5,670.5,28,38.19
159,116,149,175,15,953,720,28,34.05
265,86,111,195,6,833,790,28,37.39
140.5,61.1,238.9,182.5,5.7,1017.7,681.4,28,30.97
303.8,0.2,239.8,236.4,8.3,780.1,715.3,28,44.48
322,116,0,196,10,818,813,28,29.77
149,109,139,193,6,892,780,28,28.7
143,131,168,217,6,891,672,28,26.42
318,126,0,210,6,861,737,28,31.77
294,106,136,207,6,747,778,28,41.27
148,180,0,183,11,972,757,28,18.52
273,82,105,210,9,904,680,28,34.99
194.3,0.3,240,234.2,8.9,780.6,811.3,28,38.46
172,162.1,238.5,166,7.4,953.3,641.4,28,41.54
140,1.4,198.1,174.9,4.4,1049.9,780.5,28,30.83
160,0,250,168,12,1049,688,28,37.66
291,105,0,205,6,859,797,28,27.62
258.8,88,239.6,175.3,7.6,938.9,646,28,50.5
154,141,181,234,11,797,683,28,33.51
248.3,101,239.1,168.9,7.7,954.2,640.6,28,49.97
308,111,142,217,10,783,686,28,42.08
261,78,100,201,9,864,761,28,34.18
137,167,214,226,6,708,757,28,34.45
314,0,161,207,6,851,757,28,41.14
287,94,121,188,9,904,696,28,43.01
160,146,188,203,11,829,710,28,33.51
248,101,239.9,169.1,7.7,949.9,644.1,28,50.23
166,0,260,183,13,859,827,28,40.34
309,0,142,218,10,912,680,28,38.59
160.2,0.3,240,233.5,9.2,781,841.1,28,36.19
145,106,136,208,10,751,883,28,26.02
152,139,178,168,18,944,695,28,38.86
142,130,167,174,11,883,785,28,36.72
295,106,136,206,11,750,766,28,41.01
291,104,0,231,9,857,725,28,30.43
313,124,0,205,11,846,758,28,29.63
140.2,30.5,239,169.4,5.3,1028.4,742.7,28,36.32
275,99,127,184,13,810,790,28,43.54
307,110,0,189,10,904,765,28,31.5
184.3,153.4,239.2,179,7.5,920.2,640.9,28,41.01
140.2,44.8,234.9,171.3,5.5,1047.6,704,28,33.78
147,89,115,202,9,860,829,28,25.21
356,142,0,193,11,801,778,28,36.46
288,0,121,177,7,908,829,28,39.93
146,178,0,192,11,961,749,28,17.19
172.8,158.3,239.5,166.4,7.4,952.6,644.1,28,41.81
305,100,0,196,10,959,705,28,29.77
153,0,239,200,6,1002,684,28,28.29
332,0,170,160,6,900,806,28,58.53
313,112,0,220,10,794,789,28,28.16
326,0,167,174,6,884,792,28,52.65
310,0,143,168,10,914,804,28,49.3
150.4,110.9,239.7,168.1,6.5,1000.2,667.2,28,37.92
321,0,164,190,5,870,774,28,45.82
143.3,91.8,239.8,200.8,6.2,964.8,647.1,28,27.09
274,89,115,202,9,759,827,28,35.52
152,0,237,204,6,785,892,28,32.71
320,0,163,188,9,866,776,28,45.69
159,0,187,176,11,990,789,28,32.57
162,148,191,179,16,840,743,28,41.81
342,136,0,225,11,770,747,28,32.04
165.3,143.2,238.3,200.4,7.1,883.2,652.6,28,32.84
298,107,0,186,6,879,815,28,30.97
148,109,139,193,7,768,902,28,28.03
140,128,164,237,6,869,656,28,29.5
297.1,40.9,239.9,194,7.5,908.9,651.8,28,49.17
299,107,0,210,10,881,745,28,28.29
154,112,144,220,10,923,658,28,26.82
141.1,0.6,209.5,188.8,4.6,996.1,789.2,28,30.43
354,0,0,234,6,959,691,28,33.91
140,128,164,183,12,871,775,28,33.38
278,0,117,205,9,875,799,28,32.71
145,0,227,240,6,750,853,28,36.59
156,0,243,180,11,1022,698,28,33.78
142,130,167,215,6,735,836,28,31.37
158,0,246,174,7,1035,706,28,34.99
276,90,116,180,9,870,768,28,44.08
320,127,164,211,6,721,723,28,46.36
165,150,0,182,12,1023,729,28,18.26
252,76,97,194,8,835,821,28,33.11
348.7,0.1,223.1,208.5,9.6,786.2,758.1,28,48.77
374,0,0,190,7,1013,730,28,32.44
163,149,191,180,12,843,746,28,41.14
304,0,140,214,6,895,722,28,38.46
140.1,11.8,226.1,207.8,4.9,1020.9,683.8,28,26.28
310,0,143,218,10,787,804,28,36.19
298,107,137,201,6,878,655,28,41.27
349,0,178,230,6,785,721,28,43.95
215.6,112.9,239,198.7,7.4,884,649.1,28,39.13
336,134,0,222,6,756,787,28,31.9
366,0,187,191,7,824,757,28,52.65
159,0,248,175,12,1041,683,28,35.39
295.3,0,239.9,236.2,8.3,780.3,722.9,28,44.08
280,92,118,207,9,883,679,28,37.39
155.4,122.1,240,179.9,6.7,966.8,652.5,28,35.52
295,106,136,208,6,871,650,28,39.4
146,106,137,209,6,875,765,28,27.89
145,177,227,209,11,752,715,28,35.66
312.36,0,0,162.96,7.85,1001.81,771.6,51,344.48
485.21,0,0,187.93,7.41,1039,841.63,71,374.3
419.6,0,0,211.11,27.19,875.14,828.05,48,375.11
379.6,0,0,201.26,7.49,987.46,646.17,19,473.84
246.81,0,0,206.46,8.16,971.52,644.77,262,132.71
246.8,0,0,196.11,22.78,1049.85,680.45,84,272.35
217.43,0,0,198.46,13.49,1071.83,708.32,155,192.56
459.85,0,0,209.44,23.3,803.65,722.54,53,364.53
380.33,0,0,167.48,1.96,1002.21,803.91,107,271.62
412.42,0,0,184.26,14.63,815.55,617,357,115.59
206.18,0,0,165.48,1.01,964.66,610.4,304,110.43
490.97,0,0,219.14,1.88,886.29,717.57,135,257.11
449.73,0,0,216.08,27.19,892.03,809.15,69,342.79
263.7,0,0,152.76,4.18,905.89,658.03,11,414.71
254.55,0,0,199.39,15.97,986.39,792.45,143,200.71
255.02,0,0,214.77,12.33,900.21,677.95,192,159.39
291.27,0,0,162.64,10.42,1019.81,865.83,69,303.38
357.43,0,0,189.76,27,921.36,868.71,23,428.83
329.58,0,0,214.08,0.65,820.51,689.19,181,173.2
287.37,0,0,152.38,19.91,1035.13,669,293,130.39
383.56,0,0,198.82,28.9,885.73,723.39,9,490.06
241.85,0,0,170.81,16.81,929.83,672.16,271,123.28
287.64,0,0,214.71,28.1,1005.63,801.72,93,267.26
309.91,0,0,217.97,1.57,899.74,847.82,17,426.82
336.82,0,0,216.1,12.56,816.98,801.93,154,192.83
435.55,0,0,183.19,7.8,912.18,847.31,328,133.47
259.9,0,0,210.34,21.92,1083.33,719.1,149,209.6
354.27,0,0,209.12,29.44,992.52,646.9,267,150.05
377.72,0,0,172.34,7.7,1001.44,821.39,328,131.11
213.94,0,0,208.02,19.63,989.68,708.14,106,226.16
382.26,0,0,152.59,5.94,859.7,801.38,35,383.32
251.16,0,0,191.74,16.96,925.5,681.19,119,212.71
219.52,0,0,166.1,13.92,1025.28,624.37,14,413.88
484.67,0,0,158.44,29.16,830.41,897.77,14,500.13
489.69,0,0,155.39,18.26,883.36,646.86,266,160.92
442.52,0,0,198.74,10.49,882.9,896.53,140,237.34
291.38,0,0,173.79,3.42,929.61,893.18,294,123.93
229.3,0,0,200.73,4.54,1094.11,838.15,364,108.99
405.27,0,0,154.57,6.76,820.25,797.83,119,237.36
332.05,0,0,172.07,7.53,955.61,773.34,238,153.83
236.61,0,0,187.76,25.52,853.81,859.83,34,324.17
348.55,0,0,205.35,16.84,1091.2,686.83,169,214.39
210.32,0,0,172.31,15.7,833.99,740.3,10,372.79
472.8,0,0,193.81,3.44,921.08,785.82,122,269.64
277.63,0,0,212.02,25.8,1021.37,723.36,145,209.84
398.76,0,0,193.11,21.68,1011.37,728.25,223,179.63
293.51,0,0,166.31,2.03,926.82,699.09,257,136.5
356.02,0,0,151.71,21.24,903.96,769.27,268,139.7
364.01,0,0,210.91,16.31,919.28,855.17,359,116.68
255.46,0,0,151.49,2.45,879.28,660.46,4,430.03
490.88,0,0,211.23,13.75,861.6,880.33,354,130.96
432.54,0,0,187.03,14.54,944.91,806.73,106,281.4
481.85,0,0,215.73,4.97,880.56,846.98,85,322.26
468.45,0,0,205.91,28.37,886.24,766.86,214,186.85
379.37,0,0,219.86,25.5,997.03,833.86,121,257.66
476.56,0,0,174.55,20.07,1090.56,604.86,132,278.88
226.55,0,0,203.7,13.87,981.09,845.51,338,107.38
258.79,0,0,178.14,12.35,823.09,612.04,197,147.21
213.57,0,0,183.59,19.53,822.68,866.97,19,345.11
297.6,0,0,193.93,16.36,1085.43,897.59,130,235.72
316.6,0,0,211.16,1.87,889.19,688.22,12,445.41
281.4,0,0,218.89,15.38,827.62,663.1,81,254.22
448.62,0,0,203.78,24.19,979.71,829.61,330,140.15
307.03,0,0,179.24,13.78,987.09,675.91,354,113.55
284.28,0,0,179.49,1.56,994.55,859.67,262,139.44
362.81,0,0,201.63,23.59,880.22,630.85,125,231.51
242.28,0,0,166.71,6.04,804.53,637.79,307,103.14
440.66,0,0,157.73,7.76,1089.5,893.75,267,169.59
222.37,0,0,174.82,4.94,875.27,802.15,140,179.47
496.07,0,0,170.11,9.91,1002.81,854.07,329,147.32
431.67,0,0,170.74,22.7,1011.99,697.3,2,583.94
259.61,0,0,166.35,15.58,983,802.95,8,447.37
201.66,0,0,152.95,6.15,893.87,778.27,250,119.84
444.64,0,0,151.25,26.33,881.33,780.95,139,234.36
412.06,0,0,219.14,26.39,979.3,804.76,124,260.51
418.7,0,0,179.94,26.12,1059.83,772.61,309,147.64
431.38,0,0,176.9,7.16,1084.02,728.72,228,188.74
222.21,0,0,197.58,13.54,831.77,682.78,10,383.36
307.54,0,0,165.28,29.55,846.45,830.57,212,150.65
234.76,0,0,216.5,23.16,1083.42,667.88,112,239.63
458.93,0,0,205.04,0.82,1020.96,807.71,8,576.5
386.99,0,0,156.26,1.96,1064.9,670,292,148.68
299.27,0,0,179.23,13.92,860.79,787.6,362,102.37
219.07,0,0,211.54,27.28,976.28,824.12,253,131.8
293.29,0,0,216.13,16.16,1010.34,665.61,14,457.45
297.55,0,0,182.72,14.93,1004.03,617.98,240,151.63
418.88,0,0,192.94,3.16,922.45,639.29,242,165.64
391.27,0,0,161.69,19.7,804.62,781.8,342,114.82
466.16,0,0,219.38,24.66,974.88,854.83,149,246.91
341.66,0,0,166.22,11.41,875.93,613.5,236,148.94
235.88,0,0,215.99,23.27,935.08,820.25,306,114.31
413.97,0,0,195.48,28.93,1087.27,702.4,167,229.29
428.24,0,0,192.54,6.11,919.71,743.56,20,475.88
368.38,0,0,185.89,15.7,1051.94,878.66,216,181.33
431.29,0,0,166.15,8.61,856.56,699.59,343,123.82
348.14,0,0,162.36,23.79,1001.74,739.6,135,230.08
356.82,0,0,165.43,17.33,1093.1,604.1,129,250.76
328.26,0,0,163.05,19.04,830.57,624.48,294,121.27
207.63,0,0,204.57,23.94,802.5,677.58,246,117.06
232.37,0,0,174.51,11.88,930.07,608.36,189,156.66
209.43,0,0,154.05,27.45,827.79,789.41,44,280.16
390.92,0,0,217.84,15.99,1024.52,727.92,86,314.34
294.31,0,0,211.87,4.74,1074.36,764.44,44,375.71
352.57,0,0,214.94,20.88,930.21,652.39,330,123.85
472.27,0,0,219.64,23.8,877.61,688.78,145,240.57
274.79,0,0,162.17,9.5,930.32,799.15,51,315.18
323.11,0,0,177.74,25.72,1017.03,889.59,242,155.92
426.67,0,0,203.08,27.18,802.72,615.13,294,136.06
268.64,0,0,198.72,8.31,976.84,867.12,51,326.86
223.09,0,0,160.77,29.51,983.99,773.06,266,125.61
286.93,0,0,207.11,4.22,991.31,769.18,120,232.16
248.37,0,0,165.71,6.06,872.61,750.08,200,147.88
478.91,0,0,165.67,5.53,1014.22,620.82,248,179.44
442.44,0,0,187.59,26.82,827.42,626.96,70,323.45
390.02,0,0,191.51,19.63,859.78,780.27,341,120.02
461.44,0,0,190.61,4.56,1063.24,702.29,57,403.65
441.1,0,0,156.4,13.21,1021.62,875.18,39,432.93
255.97,0,0,211.42,18.46,804.12,721.98,289,112.13
467.77,0,0,168.59,2.5,874.51,642.98,18,488.65
361.8,0,0,159.07,26.47,864.32,814.42,220,158.4
442.23,0,0,212.21,24.11,881.24,688.01,313,138.24
468.83,0,0,216.9,15.16,874.27,757.64,244,170.41
295.4,0,0,210.35,29.01,818.76,809.35,352,102.54
233.02,0,0,206.67,12.53,937.68,870.08,304,114.31
268.38,0,0,195.87,29.52,1019.82,837.66,298,126.8
328.13,0,0,188.56,20.04,982.02,802.91,283,137.91
445.4,0,0,156.09,19.04,1001.86,803.89,74,343.72
458.22,0,0,178.59,4.98,824.34,883.78,110,265.57
202.09,0,0,176.09,26.46,1085.45,688.75,180,171.71
353.22,0,0,168.18,12.82,1051.55,600.33,32,424.54
325.22,0,0,200.64,4.87,1041.53,681.59,234,163.92
266.63,0,0,184.71,0.38,1046.9,665.37,282,133.76
235.96,0,0,155.67,16.79,1079.81,798.55,25,396.65
301.28,0,0,165.41,15.82,963.28,790.11,331,116.48
482.87,0,0,197.83,21.58,860.08,778.04,279,154.68
296.96,0,0,155.33,26.71,985.04,604.87,226,154.42
355.64,0,0,209.58,2.38,1022.86,818.63,57,357.99
410.91,0,0,184.66,21.94,1021.38,697.06,180,210.28
309.09,0,0,183.64,5.62,956.43,799.52,232,153.26
491.53,0,0,191.47,25.75,820.54,766.97,343,130.49
488.73,0,0,207.73,24.57,911.33,702.82,287,156.84
275.53,0,0,174.35,16.22,1076.23,640.37,64,318.44
349.17,0,0,197.46,21.31,975.33,628.33,232,162.81
290.26,0,0,189.6,9.43,961.5,849.46,289,128.55
285.45,0,0,168.69,14.14,880.66,875.52,213,149.68
211.07,0,0,211.5,24.65,910.53,794.94,258,123.15
382.87,0,0,205.82,13.78,1068.6,631.03,18,500.66
350.8,0,0,196.09,10.73,999.94,720.61,175,199.69
215.44,0,0,209.54,14.83,1036.22,818.68,229,146.29
283.59,0,0,210.71,24.85,936.3,833.95,226,150.9
472.48,0,0,199.59,10.06,989.07,635.47,84,336.75
271.87,0,0,208.59,5.21,874.52,600.01,291,119.42
243.47,0,0,198.82,21.36,1011.64,813.64,246,141.12
346.84,0,0,197.61,24.78,928.28,706.98,110,249.94
495.7,0,0,193.3,3.02,932.76,676.34,254,173.94
272.62,0,0,202.69,7.2,994.8,603.87,88,267.12
401.64,0,0,161.1,4.26,1080.88,762.09,72,347.24
428.49,0,0,211.66,10.44,819.2,855.35,30,418.97
271.29,0,0,211.03,13.51,1047.42,887.29,172,190.64
418.46,0,0,152.05,22.46,887.71,769.72,309,133.66
310.33,0,0,207.81,19.53,933.18,754.34,343,114.39
389.69,0,0,159.02,18.63,806.57,625.52,177,182.91
390.06,0,0,173.46,10.57,890.31,764.66,139,223.97
360.73,0,0,202.05,25.24,950.79,713.99,194,183.95
227.09,0,0,161.25,14.14,816.85,782.14,186,144.35
450.59,0,0,207.26,29.37,947.33,716.62,218,186.96
296.23,0,0,208.25,19.02,1078.13,672.09,164,205.26
255.96,0,0,185.52,3.79,831.62,628.49,161,168.57
212.23,0,0,150.45,20.29,1029.33,694.48,13,411.69
377.27,0,0,170.09,9.75,922.9,628.99,296,135.55
403.27,0,0,193.18,20.59,996.55,653.07,89,306.1
204.98,0,0,218.68,2.09,878.07,896.2,324,101.42
353.63,0,0,194.23,5.25,847.85,733.23,42,355.71
267.95,0,0,168.19,25.67,848.14,759.56,210,144.38
393.55,0,0,194.38,6.82,821.15,862.09,229,158.36
252.31,0,0,187.8,25.11,855.69,898.67,350,98.76
407.28,0,0,204.59,8.38,999.27,774.81,275,155.91
316.02,0,0,157.49,19.29,1064.51,843.74,279,142.35
481.02,0,0,203.27,20.82,1044.24,698.08,251,182.76
241.26,0,0,187.89,15.38,1005.54,691.72,310,117.86
302.32,0,0,217.41,9.16,833.13,720.81,208,154.01
234.04,0,0,173.93,6.38,886.76,801.75,321,104.73
477.41,0,0,194.28,1,892.94,804.66,140,247.14
463.2,0,0,215.24,9.12,874.99,694.57,280,153.42
277.38,0,0,157.18,19.59,954.5,639.96,34,360.62
398,0,0,215.61,28.15,960.67,789.72,309,139.05
445.17,0,0,198.15,26.14,907.07,638.5,18,489.44
366.56,0,0,154.75,22.98,906.14,773.55,57,332.22
358.9,0,0,171.07,23.65,1048.57,808.03,112,265.54
272.56,0,0,199.57,19.95,1036.79,810.18,5,489.03
227.93,0,0,154.71,7.81,892.34,826.04,182,154.26
469.16,0,0,190.75,27.22,1074.14,861.86,13,566.84
470.13,0,0,174.21,20.12,1085.84,749.99,339,146.17
389.93,0,0,193.46,16.81,898.02,819.07,285,140.58
301.71,0,0,153.2,3.33,906.33,785.75,259,134.65
304.76,0,0,211.01,13.41,951.69,655.99,90,268.37
417.79,0,0,218.14,13.81,1082.34,607.71,104,303.09
469.13,0,0,217.82,25.94,1062.9,685.36,186,224.69
466.13,0,0,202.48,16.4,830.77,732.91,250,162.45
433.96,0,0,159.11,11.41,917.82,785.13,255,159.71
392.61,0,0,203.08,29.3,966.01,854.99,76,320.75
225.24,0,0,151.72,3.32,950.94,658.87,108,216.64
248.49,0,0,151.55,12.68,858.16,637.66,156,170.4
469.57,0,0,172.65,1.26,1057.65,889.04,82,348.08
381.93,0,0,184.21,22.2,1003.08,632.41,77,319.67
202.76,0,0,203.93,27.54,1051.37,743.55,258,133.09
230.44,0,0,197.83,8.4,1057.63,775.67,127,217.93
399.05,0,0,181.21,25.75,1024.51,762.41,282,152.29
201.52,0,0,169.15,8.77,931.76,625.81,88,230.76
248.24,0,0,219.8,27.32,983.16,617.11,204,160.03
364.62,0,0,179.83,22.62,848.11,631.65,16,437.97
407.57,0,0,181.6,24.15,1002.09,775.68,151,231.19
395.59,0,0,161.45,0.54,853.78,763.3,254,148.52
267.28,0,0,205.64,28.88,1008.18,670.12,188,174.48
413.65,0,0,198.56,21.8,868.88,791.33,329,127.62
271.17,0,0,165.45,9.14,835.27,846.02,32,337.82
297.62,0,0,155.77,24.88,849.59,612.47,271,124.89
423.95,0,0,197.63,8.45,800.6,749.44,5,508.24
394.89,0,0,195.82,26.18,1015.62,806.79,330,134.76
454.77,0,0,169.13,3.38,1019.72,675.69,308,150.11
397.28,0,0,216.56,21.11,954.48,692.33,333,130.94
370.49,0,0,160.57,16.22,848.41,784.09,169,188.89
228.1,0,0,180.26,2.9,825.07,869.38,181,149.57
310.31,0,0,216.05,7.26,805.74,842.98,178,169.34
279.56,0,0,179.38,0.37,849.72,774.94,143,188.69
273.2,0,0,194.7,14.06,1067.26,819.07,362,113.06
491.9,0,0,177.83,9.04,872.46,709.45,248,170.11
317.93,0,0,169.2,17.95,906.28,792.29,127,218.32
467.61,0,0,218.88,8.92,831.6,739.85,263,157.96
389.34,0,0,178.65,9,866.71,656.98,40,377.78
438.44,0,0,212.59,22.3,955.77,810.52,355,129.93
350.79,0,0,166.1,1.44,982.33,766.94,255,151.64
373.07,0,0,164.92,27.09,873.61,707.59,143,212.98
347.76,0,0,152.18,25.57,817.32,873.4,240,142.06
258.57,0,0,195.62,20.03,917.31,606.28,228,142.82
416.74,0,0,175.8,17.8,870.26,694.73,341,123.67
284.23,0,0,210.51,26.77,865.87,617.06,198,158.07
207.29,0,0,183.12,5.56,1087.96,829.96,65,295.22
393.64,0,0,217.77,2.37,984.89,810.63,11,518.1
253.13,0,0,162.99,7.19,967.06,699.41,108,228
482.14,0,0,210.8,23.84,924.73,802.7,26,482.28
486.18,0,0,204.36,1.04,928.68,718.78,151,243.48
474.46,0,0,203.96,17.48,962.27,826.88,221,191.05
311.05,0,0,209.13,29.86,1008.93,736.26,341,120.1
204.64,0,0,203.27,25.67,1010.64,723.68,237,138.08
478.5,0,0,193.84,15.64,851.51,880.42,237,172.27
328.46,0,0,159.19,1.91,950.03,675.26,219,161.07
490,0,0,152.28,24.94,923.59,636.13,151,239.16
489.09,0,0,214.46,17.97,1061.16,775.36,123,293.18
455.9,0,0,193.17,3.45,989.43,890.8,144,249.52
288.33,0,0,205.76,2.82,959.75,713.35,189,173.68
315.53,0,0,183.71,27.29,834.62,618.61,255,133.83
455.34,0,0,158.21,20.08,981.69,701.79,68,356.16
295.08,0,0,158.76,24.88,835.16,751.78,104,224.56
250.85,0,0,197.99,26.37,901.16,648.58,336,105.31
367.04,0,0,180.12,17.15,842.85,797.43,159,196.23
480.85,0,0,164.04,15.52,1007.62,899.32,309,152.28
408.81,0,0,184.41,12.91,861.88,735.52,362,116.9
371.02,0,0,154.49,9.51,917.56,706.42,300,132.08
229.15,0,0,190.74,13.04,1068.7,720.21,90,260.84
384.5,0,0,168.83,23.22,861.29,634.54,357,114.16
497.02,0,0,205.83,18.06,952.34,864.98,256,175.33
242.03,0,0,171.73,26.78,925.78,724.45,353,100.65
355.5,0,0,181.87,13.3,805.44,716.18,220,153.32
463.21,0,0,150.81,18.21,1037.83,797.91,9,567.46
422.23,0,0,155.07,18.94,820.71,732.61,12,472.87
409.1,0,0,177.47,17.75,942.28,794.47,325,132.41
410.75,0,0,183.6,21.08,968.2,618.43,244,166.45
307.85,0,0,192,7.12,988.53,844.12,182,184.15
288.08,0,0,170.42,15.37,1006.59,882.15,284,132.33
442.81,0,0,198.65,3.13,875.98,794.63,312,137.88
443.03,0,0,210.21,11.54,802.99,886.37,99,275.47
460.12,0,0,204.59,14.63,1017.03,645.43,197,209.22
473.97,0,0,152.77,19.57,960.7,743.22,226,184.71
353.4,0,0,183.64,28.52,1050.84,780.54,333,129.93
350.45,0,0,157.35,18.02,1046.42,774.52,103,273.28
439.49,0,0,166.94,22.31,1053,720.44,106,297.02
394.99,0,0,219.07,15.19,945.53,701.43,58,356.78
410.59,0,0,159.97,19.02,900.09,638.05,78,307.54
438.74,0,0,184.92,2.13,1037.47,717.52,75,349.35
467,0,0,193.27,7.63,935.39,648.8,42,421.89
301.4,0,0,199.17,10.86,855.03,820.31,324,112.42
312.67,0,0,189.18,14.17,1056.49,662.65,181,192.77
228.19,0,0,150.68,1.37,1064.77,617.57,33,365.73
373.48,0,0,172.85,4.2,939.89,765.71,71,316.03
210.78,0,0,186.24,8.3,822.71,778.57,56,262.89
339.68,0,0,156.15,29.15,916.35,861.57,105,248.04
362.79,0,0,174.54,9.94,1041.06,773.09,200,188.14
285.96,0,0,152.32,14.46,1070.53,703.64,101,259.94
377.25,0,0,155.5,5.88,861.04,840.9,256,144.79
209.15,0,0,177.78,18.32,820.09,762.08,307,99.79
211.2,0,0,159.29,8.42,1063.21,623.78,74,274.21
446.78,0,0,189.73,6.21,916.82,769.76,171,214.3
308.06,0,0,198.26,15.5,962.53,872.41,143,210.89
238.12,0,0,206.04,0.17,1090.42,718.89,166,192.18
356.67,0,0,164.01,0.23,819.97,688.9,261,136.51
431,0,0,161.72,6.57,994.5,643.04,221,183.48
264.75,0,0,157.32,1.1,822.23,645.43,83,238.76
386.87,0,0,194.55,3.24,912.64,729.83,182,193.14
225.6,0,0,199.45,10.17,1041.14,778.7,307,119.68
215.5,0,0,152.21,24.08,930.04,624.18,10,397.78
359.41,0,0,215.53,17.16,1099.15,881.87,4,565.04
362.19,0,0,153.64,15.38,967.72,826.54,351,119.2
391.23,0,0,187.89,8.8,896.35,775.99,336,124.03
417.83,0,0,199.63,27.95,866.03,848.53,292,140.06
492.76,0,0,210.97,11.91,905.16,624.06,281,159.79
354.89,0,0,199.99,2.61,911.76,743.05,215,167.09
296.89,0,0,206.12,18.51,820.61,789.03,98,234.65
438.56,0,0,173.76,3.42,910.87,848.6,101,284.07
281.25,0,0,207.04,10.36,939.27,835.04,9,450.84
331.69,0,0,155.61,15.22,1016.82,683.12,61,331.94
223.54,0,0,212.64,26.23,997.02,882.26,309,116
207.61,0,0,188.33,14.81,1012.63,637.3,146,189.14
488.79,0,0,207.21,21.07,802.51,862.54,63,352.4
450.79,0,0,181.66,29.78,865.3,891.28,121,255.62
408.79,0,0,195.05,3.94,998.51,653.15,226,179.03
322.69,0,0,186.85,8.24,945.2,816.62,105,250.79
251.99,0,0,201.21,11.84,801.59,612.09,260,119.81
246.93,0,0,155.71,12.65,1041.35,721.63,349,109.37
275.07,0,0,154.22,12.33,1031.84,754.88,255,142.2
364.77,0,0,167.3,27.23,964.53,774.19,207,176
414.38,0,0,161.17,21.42,819.94,880.78,28,410.76
398.06,0,0,211.02,18.24,1029.95,801.68,170,218.19
283.98,0,0,165.34,9.28,975.11,744.38,336,113.65
486.46,0,0,218.31,24.71,1034.59,842.9,76,366.29
421.37,0,0,173.58,28.65,1025.52,885.16,116,274.89
366.31,0,0,162.75,24.64,1040.9,606.62,69,333.36
383.52,0,0,205.28,0.05,955.4,894.76,354,122.86
325.88,0,0,196.11,19.09,842.1,625.84,234,145.64
274.32,0,0,184.87,1.53,1001.35,844.32,1,496.92
306.79,0,0,188.88,7.73,986.14,684.1,167,193.75
427.35,0,0,200.34,1.79,1022.68,639.65,352,133.45
204.32,0,0,165.99,18.11,850.96,731.96,218,128.99
234.82,0,0,219.74,20.6,858.49,793.19,273,118.33
213.8,0,0,218.24,3.43,1067.12,714.29,251,140.14
212.22,0,0,195.52,11.52,1024.99,616.37,347,105.9
456.64,0,0,163.97,13.69,1072.47,779.84,344,141.4
411.1,0,0,197.62,11.07,1027.61,870.72,174,216.76
342.25,0,0,155.05,3.63,979.15,714.96,170,196.27
229.35,0,0,152.15,12.57,996.24,664.9,246,134.76
347.48,0,0,168.04,22.54,1066.74,732.77,90,295.26
342.04,0,0,182.38,2.13,973.64,614.51,49,358.18
251.96,0,0,210.78,2.41,989.72,846.15,294,124.4
330.16,0,0,200.9,10.64,846.94,847.9,150,196.73
319.55,0,0,201.99,28.25,942.18,776.4,132,221.28
384.76,0,0,179.78,20.06,1014.92,705.93,59,358.67
390.53,0,0,174.22,20.36,881.28,839.94,324,125.6
213.59,0,0,175.97,10.86,860.68,766.41,199,140.81
312.38,0,0,219.14,17.81,894.15,847.78,215,158.29
387.76,0,0,152.81,0.3,872.45,789.44,49,352.31
350.94,0,0,210.69,19.08,864.47,835.32,232,153.94
456.95,0,0,190.51,27.4,927.46,779.57,247,169.78
397.61,0,0,180.7,18.38,1072.35,724.24,239,175.66
248.88,0,0,200.77,26.21,952.12,887.38,168,176.79
221.17,0,0,184.07,21.72,856.38,762.33,48,287.39
392.73,0,0,211.14,3.62,823.09,781.53,51,347.42
207.95,0,0,213.05,27.07,1008.85,666.15,299,117.46
375.73,0,0,179.52,1.99,914.84,787.7,98,270.55
482.07,0,0,169.38,16.02,1046.55,771.48,216,201.35
372.64,0,0,191.46,4.26,997.85,655.45,177,202.53
316.45,0,0,213.87,0.35,1038.87,617.88,80,302.38
392.99,0,0,164.75,12.66,881.58,781.31,185,186.87
337.48,0,0,193.61,8.85,1007.71,829.11,27,427.62
363.69,0,0,194.21,14.58,879.22,757.02,195,176.3
482.44,0,0,201.32,17.32,1081.72,668.03,214,208.08
315.83,0,0,159.21,1.31,990.91,799.96,342,117.32
488.36,0,0,200.11,3.69,897.35,624.03,114,281.34
471.61,0,0,213.63,16.76,880.85,732.55,242,172.25
258.74,0,0,162.58,10.3,857.28,649.01,124,198.4
220.81,0,0,166.63,21.88,1008.39,655.34,305,115.37
230.23,0,0,218,19.57,865.61,660.69,76,250.25
205.47,0,0,162.67,25.37,978.59,716.01,311,109.03
228.33,0,0,209.81,20.77,879.39,615.35,312,107.22
404.9,0,0,184.46,12.9,998.59,719.34,196,195.53
221.36,0,0,167.31,20.19,1044.48,753.51,351,106.12
295.69,0,0,210.95,8.26,1033.41,744.99,44,367.51
453.46,0,0,181.17,9.19,1028.26,714.84,186,215.5
206.98,0,0,186.04,23.67,856.32,851.74,343,94.16
444.34,0,0,175.15,13.39,826.52,643.6,246,158.65
284.56,0,0,191.51,23.95,1009.68,751.71,84,277.58
235.45,0,0,161.45,24.67,910.5,618.61,207,145.11
409.02,0,0,177.38,25.73,929.7,621.35,151,222.51
388.68,0,0,217.86,27.5,809.34,772.16,156,202.43
463.24,0,0,168.07,12.93,877.87,769.81,16,495.06
420.52,0,0,195.97,9.57,810.1,863.41,165,201.53
441.04,0,0,172.76,17.47,1063.76,767.36,145,252.01
284.61,0,0,204.14,11.14,873.02,887.94,37,345.21
253.23,0,0,159.16,18.03,967.2,614.61,333,109.24
425.18,0,0,217.89,21.17,811.69,629.4,45,373.2
442.05,0,0,181.77,20.65,1000.05,613.22,206,196.26
497.15,0,0,166.52,11.24,896.91,655.58,62,370.44
323.79,0,0,155.14,5.01,1069.38,762.38,356,119.71
311.61,0,0,161.88,12.92,1066.44,793.67,308,132.02
432.92,0,0,186.38,4.28,897.59,613.68,19,475.71
302.24,0,0,173.59,26.7,1070.29,883.79,300,133.95
479.23,0,0,208.02,10.38,1098.85,852.65,7,615.21
457.52,0,0,180.16,4.63,1047.62,688.98,249,178.97
328.7,0,0,167.41,0.76,1053.46,623.16,117,251.94
425.26,0,0,193.2,19.37,874.7,650.97,68,330.5
426.36,0,0,199.47,19.11,973.01,638.08,34,437.81
230.94,0,0,161.69,10.22,820.18,636.99,194,141.65
470.77,0,0,161.73,2.15,828.48,755.57,325,132.53
351.58,0,0,152.57,12.29,1099.67,673.75,55,368.22
447.94,0,0,201.55,9.34,897.99,707.44,266,157.92
296.01,0,0,196.47,20.31,1024.46,896.85,42,368.47
468.66,0,0,183.22,18.17,1042,805.29,297,158.57
316.76,0,0,209.09,10.94,1057.41,884.69,231,165.73
203.25,0,0,206.4,6.54,1099.29,642.77,10,447.9
471.61,0,0,190.97,29.64,872.45,714.64,358,126.95
227.39,0,0,210.78,13.62,812.11,766.42,128,184.89
295.79,0,0,164.41,20.65,923.36,623.03,179,174.31
485.02,0,0,157.83,4.22,839.02,601.26,193,195.93
485.18,0,0,168.88,14.57,806.73,801.13,92,294.88
372.03,0,0,154,0.83,908.13,792.55,231,159.04
389.55,0,0,187.18,15.16,1035.12,723.24,78,326.37
334.53,0,0,215.56,28.92,969.85,746.89,85,288.29
287.96,0,0,152.75,11.53,893.83,724.63,30,362.23
298.6,0,0,158.55,1.17,996.3,607.2,213,162.84
401.76,0,0,181.65,0.93,869.61,700.61,49,361.22
425.71,0,0,215.37,11.64,804.31,653.12,265,147.73
437.47,0,0,172.13,4.8,1029.31,629.53,145,247.13
436.89,0,0,185.51,0.7,987.12,887.02,69,352.27
227.36,0,0,152.91,22.69,1028.69,779.81,58,300.3
348.33,0,0,160.38,13.76,811.68,818.6,185,169.79
217.27,0,0,219.06,8.68,1051.14,694.61,62,301.9
364.86,0,0,217.56,27,985.86,717.94,308,136.48
332.46,0,0,150.35,3.48,969.02,671.08,296,131.33
466.31,0,0,216.63,28.68,987.38,629.09,166,232.29
305.27,0,0,194.74,9.42,1059.33,653.71,171,199.06
235.12,0,0,210.75,26.65,976.08,839.25,63,291.24
242.9,0,0,181.83,18.09,974.29,803.26,147,191.69
428.45,0,0,186.09,24.8,1097.2,764.08,306,153.25
385.47,0,0,184.22,29.52,1027.02,742.53,161,220.21
230.34,0,0,196.68,8.65,932.69,876.73,141,189.59
225.23,0,0,159.78,28.83,1012.22,621.82,334,108.14
410.29,0,0,152.1,11.68,916.77,684.18,97,279.72
221.83,0,0,171.56,11.57,868.66,704.98,221,133.16
446.56,0,0,199.33,10.21,979.06,834.73,43,420.28
411.87,0,0,164.13,16.24,1078.45,897.75,292,153.74
224.4,0,0,197.14,4.62,1078.74,672.2,108,239.16
225.45,0,0,217.89,16.61,902.57,862.29,266,122.62
495.99,0,0,156.57,16.25,958.3,849.19,95,315.69
312.28,0,0,197.08,22.86,863.49,667.4,262,133.89
311.19,0,0,181.06,25.01,1098.69,719.8,313,133.48
443.84,0,0,210.77,13.21,1094.34,722.9,71,371.99
484.17,0,0,162.4,9.07,994.85,893.47,219,194.67
495.8,0,0,198.48,7.78,1041.32,654.27,21,536.52
426.01,0,0,208.67,5.84,1014.53,839.75,92,313.23
312.88,0,0,216.12,1.73,977.95,700.26,127,230.95
225.05,0,0,197.83,10.27,816,819.26,80,232.71
433.14,0,0,184.8,8.11,936.43,726,312,140.14
367.52,0,0,193.25,28.99,1002.44,773.51,238,165.22
327.27,0,0,210.82,16.73,1003.26,849.78,182,191.02
471.91,0,0,189.94,10.42,911.94,841.25,25,475.35
233.36,0,0,152.13,17.41,1082.51,859.93,156,193.09
347.79,0,0,215.17,4.18,850.21,617.89,5,482.44
203.41,0,0,198.27,13.32,950.11,807.62,120,202.76
340.6,0,0,197.36,18.79,1007.27,642,277,144.58
216.89,0,0,165.1,14.67,1009.14,724.75,18,394.21
235.65,0,0,196.12,12.05,994.59,764.58,198,160.53
235.26,0,0,177.57,29.82,882.59,720.82,57,280.23
394.76,0,0,195.59,26.41,846.86,755.88,93,273.94
423.81,0,0,157.46,18.7,990.78,898.96,19,489.14
375.01,0,0,196.05,17.08,979.79,640.57,353,123.02
488.65,0,0,219.96,18.62,853.81,802.64,193,202.18
312.46,0,0,153.37,6.04,1011.54,718.8,237,154.69
285.71,0,0,218.4,11.85,936.55,639.9,277,131.43
460.58,0,0,178.48,1.18,1000.33,647.62,227,187.18
267.08,0,0,210.95,14.27,1051.21,884.78,233,155.28
488.97,0,0,204.77,16.29,850.92,863.88,40,420.57
203.65,0,0,189.69,6.83,805.74,872.11,323,94.92
490.96,0,0,201.69,28.92,1033.73,897.46,153,254.38
212.95,0,0,211.5,27.28,982.91,662.49,127,204.22
467.34,0,0,178.29,21.66,1009.89,706.63,237,183.37
358.31,0,0,172.89,16,1051.45,800.77,55,364
497.89,0,0,196.73,26.1,1040.84,745.14,172,238.61
222.14,0,0,206.55,3.92,1088.28,725.52,109,239.66
366.16,0,0,203.36,23.72,960.78,707.34,354,120.58
490.79,0,0,205.85,3.74,946.55,778.13,184,218.11
356.93,0,0,180.49,23.83,920.57,772.68,198,176.25
388.82,0,0,207.25,8.27,846.11,648.44,87,282.44
408.72,0,0,158.41,26.31,971.78,741.52,201,188.42
336.36,0,0,188.11,28.32,883.1,766.04,337,115.09
388.27,0,0,150.4,4.46,1076.39,771.09,322,138.8
375.29,0,0,172.72,13.88,974.96,663.03,275,147.07
470.35,0,0,175.65,29.43,977.85,822.68,211,195.89
213.63,0,0,177.73,14.5,906.48,607.56,118,199.52
284.29,0,0,198.68,25.91,815.6,706.45,191,155.91
485.12,0,0,177.2,17.66,809.52,834.06,42,400.34
467.08,0,0,181.41,11.26,927,769.17,42,418.36
336.7,0,0,166.63,8.57,825.37,678.35,315,116.27
386.04,0,0,176.13,6.1,982.05,808.49,276,149.24
283.21,0,0,165.91,22.85,1064.29,770.22,329,121.5
256.44,0,0,155.12,11.6,1064.87,838.87,17,430.57
339.11,0,0,192.24,15.34,997.71,820.51,283,141.11
306.01,0,0,196.77,14.77,863.37,783.03,258,134.42
375.1,0,0,193.36,17.32,1058.9,746.45,63,356.16
223.32,0,0,182.44,25.97,1065.83,639.95,62,301.81
492.32,0,0,176.59,29.42,859,678.4,100,293.47
495.86,0,0,210.43,12.23,1021.23,725.73,19,542.32
409.45,0,0,186.34,24.83,885.96,779.79,17,467.93
360.83,0,0,183.54,22.94,1040.79,754.11,325,132.78
292.86,0,0,151.79,17.21,1099.17,686.46,246,154.61
444.14,0,0,173.89,28.68,809.01,601.94,251,154.57
405.42,0,0,176.61,6.01,1069.21,748.87,81,330.96
248.79,0,0,177.92,3.28,986.79,685.69,39,345.85
473.28,0,0,190.61,25.62,1092.01,820.38,36,476.77
446.76,0,0,187.35,13.17,939.5,607.18,197,197.55
484.94,0,0,192.55,25.41,1054.22,775.45,158,249.79
417.72,0,0,203.54,26.79,818.72,882.44,204,176.19
384.02,0,0,206.91,1.87,900.58,652.32,196,183.07
325.47,0,0,200.27,26.5,820.1,741.49,216,151.91
479.82,0,0,216.89,13.45,1092.6,627.43,285,171.01
459.82,0,0,151.28,15.31,1045.09,787.7,196,209.09
213.57,0,0,163.7,18.8,1055.76,765.16,307,117.12
207.91,0,0,150.53,27.79,1081.39,722.21,152,189.63
312.94,0,0,195.32,0.57,825.53,756.41,14,416.19
443.17,0,0,212.86,14.31,915.68,868.97,325,137.05
496.18,0,0,167.04,20.63,821.31,658.89,146,234.34
245.13,0,0,214.89,21.68,863.24,606.77,57,285.31
378.24,0,0,154.22,20.78,868.81,858.5,211,166.36
314.27,0,0,215.41,4.03,940.73,773.14,268,139.58
490.97,0,0,174.61,8.98,880.57,867.2,210,191.36
452.64,0,0,157.1,10.76,830.29,779.08,17,471.41
451.5,0,0,184.01,24.13,850.25,843.05,286,145.48
340.61,0,0,167.97,8.36,844.18,728.9,344,110.54
324.45,0,0,169.94,6.32,1091.92,824.96,203,183.47
282.02,0,0,171.51,28.72,1027.79,873.91,99,256.49
216.91,0,0,206.21,0.27,1090.33,771.64,279,131.52
459.42,0,0,187.74,29.93,931.92,654.24,209,191.35
443.87,0,0,171.79,20.3,883.51,680.64,129,246.6
499.92,0,0,192.72,24.85,1039.49,659.59,335,149.22
498.99,0,0,200.13,8.84,897.88,674.06,288,156.79
366.63,0,0,169.08,0.43,889.82,691.92,252,147.93
430.7,0,0,178.95,22.14,869.75,766.54,265,151.79
483.43,0,0,158.53,25.02,838.9,776.4,271,154.23
454.89,0,0,162.68,22.21,876.94,727.95,188,197.03
274.2,0,0,197.68,4.29,906.6,784.63,214,151.54
335.16,0,0,162.7,22.6,1002.2,624.47,283,139.21
238.75,0,0,186.76,23.07,818.77,626.34,211,136.68
486.22,0,0,199.63,19.76,863.15,651.55,76,335.01
381.85,0,0,157.48,22.98,1042.71,755.42,148,230.75
268.59,0,0,189.71,25.38,844.08,664.2,321,107.14
401.51,0,0,167.96,18.41,902.79,684.99,213,173.93
385.44,0,0,217.4,2.66,1059.4,720.09,109,283.46
307.45,0,0,183.85,14.63,846.48,843.56,129,207.18
234.07,0,0,206.42,2.33,824.82,604.16,10,390.05
401.47,0,0,188.52,12.23,945.36,794.81,47,382.03
356.09,0,0,153.04,12.21,890.73,800.66,315,123.1
431.7,0,0,194.32,1.98,969.02,839.6,96,300.25
356.05,0,0,216.6,10.46,1041.14,879.83,103,280.18
455.65,0,0,192.11,3.33,841.14,606.04,342,127.6
365.57,0,0,207.34,24.25,974.21,646.14,146,224.33
368.28,0,0,211.89,28.43,951.65,865.85,27,431.04
463,0,0,165.97,2.17,843.22,737.56,220,176.2
321.04,0,0,164.84,28.65,987.2,769.38,18,440.95
240.2,0,0,192.77,15.68,882.09,798.91,167,167.24
208.63,0,0,178.77,8.99,946.35,803.72,82,244.17
426.54,0,0,208.79,2.31,824.68,879.52,72,316.84
386.09,0,0,213,15.02,937.88,899.08,310,135.33
411.22,0,0,174.74,23.84,891.94,816.05,254,154.82
263.89,0,0,166.58,21.21,1046.71,686.17,162,192.6
240.91,0,0,204.64,1.51,817.09,863.93,327,100.83
204.36,0,0,169.24,2.19,925.58,614.77,38,314.51
305.18,0,0,207.58,12.09,937.53,669.32,201,167.87
376.98,0,0,179.66,8.86,1017.5,869.22,200,188.98
317.67,0,0,196.73,6.97,972.29,676.86,255,146.84
331.24,0,0,156.69,8.43,1000.16,666.2,179,189.86
471.25,0,0,193.67,24.1,1033.11,641.44,35,466.82
304.48,0,0,181.62,27.88,1058.66,857.73,82,294.07
354.2,0,0,191.06,12.15,894.16,750.02,220,161.99
435.1,0,0,161.76,27.18,961.41,802.47,158,224.99
318.96,0,0,201.58,9.64,1052.03,671.72,4,525.79
386.63,0,0,210.4,14.29,1096.84,827.41,167,225.61
458.71,0,0,165.17,6.78,1066.86,828,204,206.57
484.86,0,0,156.7,19.21,911.44,693.78,194,202.29
244.12,0,0,151.65,29.37,858.55,723.2,235,129.22
477.98,0,0,194.94,18.1,946.82,662.91,206,198.99
347.63,0,0,192.5,10.73,1022.49,892.97,150,221.32
277.47,0,0,188.27,19.43,947.77,793.68,159,188.22
337.74,0,0,166.24,3.69,944.95,880.36,279,136.99
494.01,0,0,177.36,26.66,1051.47,691.02,304,159.9
347.79,0,0,191.61,15.09,908.42,834.57,166,195.02
298.63,0,0,184.77,13.48,1057.94,829.76,311,129.64
390.02,0,0,219.14,17.58,922.04,807.5,68,329.51
272.04,0,0,159.55,18.74,898.47,889.69,88,246.67
222.76,0,0,198.66,2.15,936.2,718.07,217,143.26
238.66,0,0,178.3,20.48,1028.73,639.22,1,481.64
238.41,0,0,179.97,7.26,837.8,801.51,135,182.99
245.57,0,0,200.23,21.42,858.93,818.79,185,155.79
241.65,0,0,198.47,24.68,1085.43,772.52,351,112.88
392.26,0,0,219.39,24.12,852.65,662.05,140,222.43
254.56,0,0,158.99,16.58,970.32,751.34,106,230.49
303.7,0,0,157.29,15.61,973.79,693.66,133,216.75
469.04,0,0,200.7,4.29,946.89,728.24,108,291.06
342.19,0,0,190.49,23.26,993.42,793.57,178,194.34
400.27,0,0,169.19,8.14,868.95,823.56,298,134.24
251.7,0,0,155.56,14.9,965.8,669.67,358,102.87
257.69,0,0,156,8.53,911.65,721.6,359,99.97
212.26,0,0,212.59,4.01,998.5,680.75,146,190.74
250.68,0,0,163.43,18.89,842.37,659.59,74,249.92
283.58,0,0,172.64,1.63,971.26,835.02,108,238.45
253.1,0,0,165.87,22.46,855.58,872.78,122,198.46
226.61,0,0,174.85,9.53,883.59,711.07,17,372.25
236.19,0,0,154.86,0,865.61,825.38,196,146.07
338.23,0,0,186.33,15.33,854.85,869.1,327,116.13
261.9,0,0,154.73,1.41,1047.71,853.84,318,120.17
309.28,0,0,206.02,8.29,885.71,654.84,297,123.95
351.03,0,0,166.36,21.21,1078.14,886.89,252,160.87
407.12,0,0,187.8,1.88,1090.98,713,119,278.1
211.79,0,0,211.61,25.18,971.38,701.77,162,175.4
439.82,0,0,195.56,0.11,842.9,618.73,198,186.53
388.37,0,0,187.31,7.4,912.36,745.85,45,375.05
224.53,0,0,172.7,22.23,1039.32,632.7,314,115.93
462.07,0,0,173.31,9.49,910.22,674.56,179,209.5
476.26,0,0,196.86,3.06,826.11,695.08,44,397.78
218.32,0,0,219.59,10.81,967.04,842.65,271,125.2
283.06,0,0,196.33,8.11,1053.54,862.65,78,294.81
441.86,0,0,189.04,25.28,1038.78,690.74,326,143.97
424.48,0,0,201.15,9.4,852.54,857.61,178,197.92
255.36,0,0,182.56,23.67,1001.83,857.17,357,107.02
262.8,0,0,154.21,26.76,866.15,829.4,3,434.01
311.14,0,0,189.36,13.01,865.46,644.01,214,154
345.36,0,0,217.03,27.3,1062.22,807.1,342,128.49
385.48,0,0,162.27,11.32,874.9,883.51,74,302.09
310.67,0,0,198.3,28.92,878.97,804.76,51,323.38
338.76,0,0,164.07,2.68,800.2,699.49,67,285.03
424.24,0,0,187.51,20.61,1061.2,750.17,332,141.06
211,0,0,156.77,14.81,1037.78,793.72,93,242.77
275.73,0,0,181.53,11.63,988.2,753.17,176,180.3
414,0,0,202.93,18.98,1025.08,635.99,145,243.09
468.56,0,0,174.33,21.12,845.61,693.62,7,531.43
353.5,0,0,196.54,0.13,937.5,840.72,269,144.35
359.63,0,0,205.68,5.01,905.37,858.43,322,125.18
232.15,0,0,214.9,21.39,828.13,641.19,4,413.12
334.22,0,0,166.42,19.99,945.84,885.72,138,217.05
359.79,0,0,177.95,28.98,1076.22,698.65,231,173.08
272.74,0,0,160.67,22.83,812.02,798.69,88,233.11
280.77,0,0,219.47,28.52,887.44,825.55,17,407.83
313.19,0,0,214.89,21.08,862.26,843.58,52,321.39
206.02,0,0,187.8,8.94,871.44,883.72,134,180.41
296.62,0,0,208.94,3.16,1072.53,693.88,211,174.07
263.43,0,0,186.47,23.45,940.42,857.55,325,112.07
298.25,0,0,193.65,19.32,939.89,639.51,219,156.33
235.93,0,0,156.24,1.45,1028.17,811.51,205,157.77
467.16,0,0,202.87,10.8,846.35,822.59,211,184.64
378.08,0,0,158.94,28.7,946.18,803.32,277,143.52
403.73,0,0,207.82,15.01,929,675.69,24,453.03
436.75,0,0,204.74,12.98,979.07,861.91,4,573.15
349.53,0,0,199.61,13.73,1099.87,650.66,152,229.73
226.08,0,0,152.53,6.27,1030.83,616.09,259,132.34
361.13,0,0,171.22,11.06,919.36,815.24,324,124.1
376.05,0,0,168.42,11.09,1048.27,742.64,357,125.44
423.63,0,0,175.21,1.57,851.21,854.73,168,203.17
329.5,0,0,156.13,23.03,809.14,715.02,176,170.48
238.27,0,0,215.59,12.5,861.33,650.48,310,108.26
285.13,0,0,188.77,24.67,902.12,850.93,291,122.31
308.92,0,0,171.39,25.51,953.17,764.67,56,323.27
393.78,0,0,177.79,6.36,984.54,656.76,108,272.53
371.23,0,0,181.3,19.72,1073.18,816.12,296,146.46
306.83,0,0,192.04,14.17,952.96,753.33,324,119.74
495.95,0,0,186.1,26.4,950.38,781.29,302,153.88
381.73,0,0,214.36,6.47,815.07,738.27,334,118.92
271.17,0,0,184.79,20.33,810.47,848.61,141,183.31
230.53,0,0,219.45,18.23,965.35,848.87,155,184.67
245.86,0,0,209.6,8.86,931.45,812.82,262,129.4
273.79,0,0,164.6,4.1,1051.75,631.62,273,137.4
248.2,0,0,215.14,19.55,848.2,851.66,232,134.17
255.97,0,0,158.15,22.16,807.49,801.3,241,125.03
285.53,0,0,207.22,9.47,934.71,809.11,355,108.29
252.01,0,0,176.64,19.34,871.24,708.89,337,102.28
469.03,0,0,211.46,11.85,814.88,863.78,258,158.54
224.07,0,0,210.76,21.4,1017.38,817.61,249,137.75
357.35,0,0,206.41,5.98,833.48,633.78,77,285.56
323.12,0,0,205.3,26.71,982.5,722.33,180,188.69
494.71,0,0,171.33,8.62,884.31,865.91,66,359.01
233.61,0,0,155.66,11.03,852.05,614.16,308,104.5
319.36,0,0,178.21,1.74,913.93,888.42,348,111.91
490.84,0,0,162.15,3.35,1040.43,803.75,171,235.76
459.65,0,0,198.65,15.48,917.63,789.41,22,483.64
445.12,0,0,174.23,8.03,1025.23,681.17,107,294.24
277.37,0,0,218.29,25.06,837.65,674.64,323,108.78
251.27,0,0,194.87,0.44,1031.83,882.62,227,152.68
400.59,0,0,207.57,11.37,871.08,689.48,216,171.72
478.81,0,0,159.28,10.12,1003.22,832.65,69,366.63
367.03,0,0,210.34,0.58,969.73,717.94,84,300.64
371.48,0,0,214.59,3.73,1078.74,641.78,103,290.27
283.99,0,0,184.09,12.41,916.2,603.21,39,346.37
430.85,0,0,192.44,14.79,819.85,763.28,13,479.83
256.11,0,0,203.54,12.13,805.75,892.73,297,109.7
297.1,0,0,162.24,15.93,1048.06,710.74,313,126.96
327.63,0,0,185.18,17.85,957.42,707.16,181,185.03
352.28,0,0,177.91,0.3,1032.57,703.23,268,151.28
272.72,0,0,160.25,13.92,870.33,756.16,13,403.62
234.45,0,0,175.73,28.9,903.53,732.2,120,202.47
383.19,0,0,154.77,15.57,809.03,863.97,353,110.99
286.59,0,0,151.81,20.33,1088.45,751.66,57,336.2
374.37,0,0,159.46,9.36,1000.36,752.33,40,397.25
246.31,0,0,217.42,23.22,1079.96,641.51,336,117.91
344.34,0,0,188.47,23.19,879.65,894.82,128,222.38
359.78,0,0,217.61,15.64,983.44,674.99,173,202.8
215.55,0,0,180.27,29.28,1003.55,622.01,35,344.43
300.98,0,0,171.83,3.77,895.26,798.94,259,134.64
240.32,0,0,185.43,0.51,1054.43,778.61,5,473.89
219.01,0,0,180.77,23.1,1084.15,724.54,218,154.61
496.99,0,0,157.4,24.21,1065.46,726.66,11,583.87
296.71,0,0,194.86,3.61,1021.72,835.52,327,122.56
442.96,0,0,165.12,7.97,883.24,658.71,117,259.62
276.39,0,0,193.37,0.53,884.48,846.08,184,165.43
404.45,0,0,195.51,8.8,1089.01,794.62,362,131.61
428.07,0,0,160.64,23.19,803.09,725.69,116,244.78
378.69,0,0,154.29,15.54,1014.81,737.41,162,214.41
341.47,0,0,204.65,10.44,1011.87,676.99,67,328.66
323.55,0,0,182.19,11.15,986.81,825.63,200,175.35
304.66,0,0,154.07,0.04,1097.03,753.86,31,414.29
478.86,0,0,219.64,8.99,893.56,696.26,75,342.21
449.19,0,0,154.04,19.39,901.99,778.82,237,169.12
489.51,0,0,198.65,29.23,823.68,898.72,327,135.62
237.29,0,0,218.86,25.41,932.84,730.58,66,279.96
419.26,0,0,166.74,0.71,878.31,876.21,70,322.57
481.5,0,0,159.96,26.96,903.02,703.51,297,148.73
254.37,0,0,158.5,23.5,1050.37,616.42,20,415.22
219.95,0,0,171.23,23.41,1080.65,661.27,226,150.07
422.34,0,0,157.07,13.74,855.72,725.61,199,180.88
372.34,0,0,198.45,11.94,911.75,665.89,39,385.63
452.55,0,0,154.36,9.09,1078.59,600.07,145,255.32
241.93,0,0,185.66,1.97,818.54,874.5,45,295
438.58,0,0,219.77,6.85,827.71,853.16,326,130.3
260.49,0,0,206.98,7.4,848.84,822.69,91,236.63
249.1,0,0,193.07,14.52,978.56,650.34,238,142.28
249.28,0,0,171.44,22.42,845.14,636.11,70,256.63
444.37,0,0,193.67,14.21,1090.42,620.28,166,237.51
399.56,0,0,186.89,1.74,934.01,817.21,130,242.27
356.92,0,0,179.83,28.73,950.46,878.64,214,170.01
307.65,0,0,159.15,28.28,874,729.16,340,108.46
463.16,0,0,212.06,23.56,941.29,635.74,89,318.26
317.73,0,0,181.48,29.74,998.57,753.72,335,120.69
444.98,0,0,163.62,16.33,1025.35,704.65,252,172.3
331.74,0,0,175.74,28.88,1026.16,712.45,349,120.4
313.08,0,0,178.99,2.27,973.37,786.4,72,299.74
338.8,0,0,207.93,10.97,1071.31,815.62,165,213.48
290.41,0,0,201.35,6.76,1045.22,633.18,49,354.19
424.28,0,0,203.85,5.87,1027.11,610.68,52,396.83
350.82,0,0,150.77,4.22,816.68,898.3,289,124.79
269.66,0,0,179.13,18.67,802.06,669.82,278,115.69
469.87,0,0,183.69,23.44,863.73,616.15,114,269.44
315.17,0,0,151.34,17.35,999.06,656.96,239,152.87
363.07,0,0,168.19,4.41,923.36,611.69,133,226.72
471.94,0,0,203.22,24.33,920.72,717.54,274,160.11
387.27,0,0,159.6,19.08,1065.38,840.72,166,219.15
235.07,0,0,187.47,11.64,1068.67,702.37,293,126.86
481.95,0,0,165.06,20.22,1072.75,733.26,243,187.46
388.31,0,0,150.85,7.8,894.16,802.68,320,126.43
300.47,0,0,166.88,10.36,1007.32,752.67,138,216.53
241.78,0,0,218.31,27.52,881.49,858.43,79,252.4
438.21,0,0,206.11,8.72,857.18,859.81,170,207.73
386.02,0,0,217.17,14.1,855.39,602.97,123,238.1
360.04,0,0,184.15,26.7,902.63,833.41,176,189.24
468.17,0,0,157.68,21.23,928.99,738.22,300,147.52
436.58,0,0,188.36,1.87,1049.28,896.65,82,337.53
245.5,0,0,181.81,4.42,835.97,744.97,87,232.21
293.52,0,0,209.1,0.24,1020.48,896.07,225,161.25
274.55,0,0,156.87,18.93,959.44,826.37,16,416.37
423.18,0,0,184.18,13.43,886.38,674.58,310,135.61
210.06,0,0,160.5,4.03,947.85,761.52,358,96.57
370.97,0,0,172.73,28.74,889.98,897.64,163,198.74
428.74,0,0,201.61,15.89,978.82,857.26,98,298.19
463.03,0,0,183.32,7.26,930.15,629.21,156,231.71
302.62,0,0,176.31,15.02,849.32,811.91,2,461.65
446.38,0,0,177.61,20.39,834.97,703.67,350,122.85
233.19,0,0,182.16,2.29,964.01,602.09,169,173.02
453.94,0,0,204.95,8.24,1070.72,721.04,315,152.81
238.25,0,0,212.45,24.21,903.19,670.43,325,107.1
319.19,0,0,216.87,13.79,1019.9,845.66,92,281.34
439.19,0,0,205.08,16.4,997.6,701.2,181,214.59
244.98,0,0,172.08,12.98,1079.47,848.26,231,152.44
268.78,0,0,198.17,1.32,1046.29,600.18,301,128.36
416.68,0,0,180.63,4.97,969.98,692.35,148,232.61
416.01,0,0,167.83,13.37,997.11,672.35,280,153.06
392.34,0,0,208.86,6.28,1069.52,670.07,189,206.82
408.18,0,0,152.69,1.5,919.86,620.46,347,123.34
362.82,0,0,213.12,25.31,898.04,656.14,350,117.44
275.54,0,0,182.3,29.44,803.24,766.66,314,106.59
303.71,0,0,194.6,23.79,1047.97,687.41,128,234.36
254.48,0,0,196.15,25.61,1040.29,725.22,7,469.84
472.54,0,0,212.66,7.26,831.34,713.06,47,391.22
375.02,0,0,194.57,28.82,973.06,862.77,53,362.35
320.26,0,0,192.98,5.91,939.19,871.59,187,178.47
338.6,0,0,154.67,28.54,835.61,747.89,38,350.25
484.19,0,0,186.29,29.84,1094.17,699.05,226,200.78
246.01,0,0,160.51,21.35,864.41,632.04,53,286.25
375.87,0,0,201.62,29.43,820.17,886.02,224,157.54
351.77,0,0,185.86,17.09,978.45,618.07,154,212.96
383.44,0,0,197.62,7.79,1021.66,689.3,48,388.98
205.43,0,0,152.92,13.11,809.73,689.42,351,87.83
461.64,0,0,155.94,17.81,997.62,696.12,147,245.57
479.64,0,0,200.14,2.19,959.69,649.29,64,375.37
369.54,0,0,155.05,18.67,830.98,834.95,349,111.6
409,0,0,154.99,29.44,851.76,636.75,182,188.1
476.75,0,0,150.85,5.7,970.39,790.47,125,269.8
412.17,0,0,216.96,23.78,888.91,637.15,179,199.35
245.76,0,0,201.63,27.24,1081.49,621.16,39,367.53
372.89,0,0,174.73,28.31,1045.62,872.83,260,158.6
382.01,0,0,170.76,28.8,1095.07,657.04,3,573.24
327.24,0,0,174.48,15.64,877.9,846.38,64,301.11
420.93,0,0,204.23,29.32,1090.92,763.39,29,480.01
480.31,0,0,196.3,22.72,929.37,623.36,11,545.15
477.67,0,0,162.96,4.85,904.26,886.63,97,299.61
335.25,0,0,162.19,14.31,815.1,674.09,358,104.24
233.97,0,0,156.89,21.55,815.83,857.89,203,137.11
495.45,0,0,196.22,7.42,1007.6,650.64,21,527.62
451.67,0,0,203.51,19.22,937.38,856.18,39,425.87
237.4,0,0,168.55,20,867.96,603.97,223,134.84
476.25,0,0,151.47,4.88,984.19,753.53,102,302.5
460.97,0,0,155.75,16.95,875.86,830.83,46,390.17
355.65,0,0,217.75,23.15,973.29,880.44,66,329.98
377.38,0,0,170.68,14.97,907.76,872.76,91,278.61
319.7,0,0,203.85,0.36,1047.07,845.89,164,207.08
216.43,0,0,193.73,0.27,1046.21,866.46,111,228.65
300.56,0,0,176.74,10.71,943.21,659.77,338,113.72
440.86,0,0,164.4,27.79,905.25,685.26,123,254.52
201.39,0,0,158.5,6.86,908.77,686.69,193,144.99
300.05,0,0,193.05,19.03,1041.71,713.12,99,266.43
319.45,0,0,204.22,6.66,898.45,718,291,128.32
361.22,0,0,195.07,9.65,862.72,763.37,159,198.49
475.96,0,0,187.12,25.44,825.41,647.96,103,280.47
303.9,0,0,152.94,21.87,940.01,807.37,281,129.62
304.09,0,0,217.79,2.86,944.64,650.27,43,356.13
421.25,0,0,205.91,12.86,1052.27,693.09,84,330.96
335.67,0,0,170.5,0.88,866.37,751,191,170.23
267.38,0,0,218.6,14.43,914.3,838.93,51,316.37
335.73,0,0,192.13,19.87,1042.52,821.84,210,177.94
242.26,0,0,190.77,3.56,1047.09,793.66,126,220.11
252.92,0,0,202.37,8.67,915.38,646.73,69,275.98
349.51,0,0,206.82,11.94,937.74,764.11,265,145.7
325.68,0,0,195.95,27.59,890.99,626.23,258,139.81
474.45,0,0,158.97,29.8,1079.77,713.21,188,221.84
308.72,0,0,173.68,1.35,835.59,724.05,230,142.6
374.18,0,0,214.97,22.83,1080.12,611.94,189,204.29
389.68,0,0,165.72,11.15,1005.16,682.2,10,516.31
203.93,0,0,176.05,11.77,959.47,886.69,114,207.86
399.06,0,0,180.25,22.63,809.8,886.09,76,293.92
253.41,0,0,180.76,27.55,942.68,705.7,164,177.89
488.32,0,0,192.91,28.53,922.32,612.93,85,328.02
244.6,0,0,216.02,17.31,848.37,653.73,49,297.72
324.39,0,0,166.85,10.71,996.92,717.67,326,123.6
225.6,0,0,158.51,23.63,1091.35,884.33,177,178.08
499.06,0,0,163.82,7.53,968.66,642.36,218,195.73
350.66,0,0,212.08,16.92,1014.43,829.05,189,192.49
378.62,0,0,195.21,10.76,820.54,632.6,346,114.76
220.12,0,0,170.01,19.7,925.3,894.38,230,134.15
424.99,0,0,207.12,7.21,834.91,714.48,255,153.95
262.97,0,0,210.3,5.75,983.84,832.57,236,147.23
469.42,0,0,209.26,27.55,1081.54,702.78,26,513.16
261.54,0,0,214.32,3.05,998.53,788.3,72,290.23
257.21,0,0,167.66,15.18,823.04,657.6,261,120.22
210.96,0,0,202.85,6.63,906.4,643.81,254,123.94
341.62,0,0,182.24,1.17,965.2,881.42,271,143.11
369.45,0,0,208.94,1.08,920.96,875.29,123,242.02
219.71,0,0,200.99,5.26,1050.09,866.24,144,199.5
432.66,0,0,204.35,26,1044.4,787.63,257,171.56
335.99,0,0,195.93,8.47,983.55,842.48,144,219.43
357.32,0,0,162.42,28.51,912.04,620.71,259,144.58
332.23,0,0,188.15,17.45,876.6,700.44,47,339.51
320.23,0,0,218.93,13.1,831.76,694.11,351,107.49
367.89,0,0,215.62,17.4,906.47,790.69,13,473.39
246.57,0,0,153.02,15.5,923.95,706.79,208,147.71
254.58,0,0,161.54,22.76,1002.75,644.55,311,117.94
458.54,0,0,159.22,8.47,997.45,778.94,235,180.83
483.83,0,0,200.82,10.59,821.03,844.32,149,231.42
311.99,0,0,207.24,26.82,918.58,714.64,322,119.17
281.22,0,0,164.95,28.39,854.53,639.68,155,179.08
393.2,0,0,185.41,26.78,847.04,659.01,166,197.66
322.62,0,0,208.85,12.58,1048.19,671.24,90,289.04
207.62,0,0,201.3,23.41,812.57,689.97,186,142.46
246.85,0,0,187.96,14.29,925.75,792.84,318,110.7
414.79,0,0,191.32,14.93,850.46,780.28,358,118.24
397.68,0,0,185.59,6.14,1063.8,808.82,174,216.99
208.13,0,0,170.83,17.73,967.11,708.75,217,141.42
266.59,0,0,189.55,5.58,869.41,847.2,264,125.94
269.32,0,0,198.22,9.95,950.73,661.23,97,246.68
401.57,0,0,211.13,25.65,1019.45,740.71,117,270.84
205.91,0,0,194.54,6.21,1087.44,840.28,199,163.34
231.23,0,0,203.28,2.13,866.13,654.05,320,104.55
439.97,0,0,161.21,2.07,1065.85,632.96,21,508.99
253.56,0,0,182.31,28.22,1080.29,865.11,200,170.43
395.82,0,0,150.65,15.21,1074.93,702.88,341,133.64
271.45,0,0,167.27,12.28,990.62,805.16,248,141.64
229.83,0,0,200.85,24.33,988.95,607.6,276,125.94
272.95,0,0,219.43,25.07,920.96,807.01,264,132.61
416.68,0,0,156.94,9.97,1025.72,694.83,58,372.54
456.71,0,0,178.1,20.81,959.39,616.72,302,148.36
449.07,0,0,206,23.13,1003.23,782.94,31,465.99
319.16,0,0,164.28,19.64,928.54,672.24,249,143.82
400.43,0,0,188.86,4.55,1019.45,716.04,93,302.4
261.5,0,0,201.31,26.28,1047.34,624.17,265,139.74
287.94,0,0,193.12,16.17,843.93,644.15,271,125
468.9,0,0,163.16,8.47,1049.88,689.39,94,323.98
203.9,0,0,174.88,12.76,962.09,626.93,154,175.32
225.65,0,0,204.87,1.13,1053.4,873.25,285,127.88
262.37,0,0,188.8,3.84,929.39,601.81,80,263.22
207.96,0,0,150.37,22.97,913.71,745.16,292,109.14
254.43,0,0,203.27,0,1074.52,636.97,84,280.25
374.91,0,0,152.47,12.5,875.35,692.3,37,377.68
326.43,0,0,202.2,15.68,1053.26,877.82,342,124.77
467.8,0,0,164.17,1.64,945.21,648.51,327,139.81
445.23,0,0,217.07,29.19,954.23,889.75,232,179.33
302.55,0,0,175.76,6.78,892.54,661.74,93,250.83
277.83,0,0,172.89,9.13,971.91,822.47,336,112.93
313.91,0,0,160.42,9.12,897.56,764,102,242.2
377.09,0,0,171.39,6.91,811.78,865.34,166,189.37
280.42,0,0,211.37,0.04,881.6,766.2,159,183.4
387.24,0,0,219.74,21.88,801.91,760.37,14,452.43
322.82,0,0,175.78,29.01,1093.51,658.64,225,170.91
365.61,0,0,181.4,6.73,1089.72,649.87,73,336.55
330.84,0,0,200.54,19.89,918.55,874.95,249,147.04
288.34,0,0,212.03,22.26,1018.51,698.35,91,272.17
484.54,0,0,191.51,25.45,903.74,711.62,216,189.52
429.08,0,0,177.41,12.68,1001.33,827.95,90,311.94
242.03,0,0,178.88,9.09,1041.63,701.65,29,382.19
460.54,0,0,198.69,9.76,1084.03,885.62,305,158.22
346.23,0,0,150.23,21.38,920.06,821.38,220,160.23
468.37,0,0,193.37,24.5,1034.99,779.23,328,146.95
439.96,0,0,174.88,5.45,879.78,864.27,215,178.61
327.56,0,0,205.59,11.13,1097.1,614.88,221,176.4
206.74,0,0,156.51,27.06,807.73,677.12,42,279.09
280.6,0,0,191.17,24.2,981.06,739.51,135,212.64
362.49,0,0,183.67,29.55,997.85,668.09,42,388.81
390.04,0,0,194.96,22.63,1006.41,823.17,164,217.35
277.37,0,0,154.54,11.8,836.12,875.76,361,97.09
241.81,0,0,190.6,17.72,1081.56,727.13,283,132.32
450.48,0,0,189.3,19.83,854.35,702.64,58,356.62
495.32,0,0,189.25,2.35,986.83,888.47,302,156.96
357.71,0,0,192.24,16.33,866.8,733.46,322,121.4
251.5,0,0,197.35,21.28,892.16,746.71,25,365.57
281.69,0,0,206.35,5.02,963.94,705.49,73,288.56
205.52,0,0,168.89,23.42,925.16,872.86,129,189.29
474.29,0,0,207.75,17.51,848.07,770.69,87,309.98
235.33,0,0,184.88,28.57,851.28,828.65,330,100.49
372.95,0,0,155.39,1.27,925.44,843.54,153,210.44
282.22,0,0,154.1,7.96,1027.18,702.55,182,180.11
366.25,0,0,173.4,18.05,1069.39,730.11,125,255.26
395.43,0,0,204.94,8.9,825.24,854.54,67,314.59
448.92,0,0,199.54,21.43,917.93,708.98,6,550.54
261.93,0,0,205.2,22.77,830.07,838.18,125,198.26
203.3,0,0,186.21,3.08,804.98,882.3,314,96.75
241.07,0,0,180.81,15.42,998.52,786.96,326,112.58
470.01,0,0,160.32,15.27,980.73,822.49,53,397.08
462.17,0,0,172.97,11.08,848.91,841.53,66,340.97
379.22,0,0,180.38,27.99,870.14,853.51,314,126.39
380.16,0,0,156.2,24.83,807.11,718.52,82,274.85
399.51,0,0,165.44,20.92,1050.48,615.38,87,313.85
252.61,0,0,191.88,21.43,1092.41,720.56,2,506.46
474.32,0,0,201.5,13.85,840.64,802.13,204,189.6
325.63,0,0,219.88,27.63,869.44,735.11,150,199.52
314.94,0,0,215.32,20.84,1060.52,824.69,293,139.73
355.68,0,0,194.98,21.87,1077.94,707.09,103,283.1
214.09,0,0,179.49,25.85,925.89,790.42,24,355.5
249.89,0,0,194.53,8.22,815.19,655.93,212,138.78
421.41,0,0,205,24.21,811.82,824.81,65,324.96
224.84,0,0,158.28,5.86,972.18,763.71,209,148.2
380.95,0,0,178.69,10.36,917.87,661.22,251,153.6
273.6,0,0,208.79,10.07,808.6,687.57,117,206.45
316.79,0,0,176.87,29.36,974.98,824.58,116,239.11
286.61,0,0,190.03,25.7,803.39,744.78,237,133.44
306.7,0,0,191.14,21.04,1036.21,664.81,105,259.54
415.71,0,0,162.91,21.81,891.93,890.18,259,152.79
289.14,0,0,175.36,16.86,812.08,814.54,46,309.13
369.92,0,0,173.42,28.41,976.51,887.14,311,133.37
342.82,0,0,151.83,14.89,919.31,728.13,331,118.59
399.1,0,0,151.69,11.42,1092.14,742.53,216,188.88
481.05,0,0,208.22,4.89,963.26,869.39,301,154.37
419.77,0,0,169.11,23.59,882.57,757.51,333,126.85
264.48,0,0,186.27,22.03,1012.83,812.18,24,402.17
209.35,0,0,170.91,11.53,881.45,675.65,35,313.82
278.68,0,0,215.85,0.76,1071.27,734.02,24,428.81
378.52,0,0,168.15,25.17,912.42,637.03,28,416.57
215.43,0,0,180.08,0.34,964.96,661.79,16,392.02
348.91,0,0,211.09,21.11,815.17,600.28,59,311.36
379.05,0,0,208.94,29.11,927.84,611.78,243,159.22
300.27,0,0,163.03,13.13,1049.71,893.19,207,171.67
431.27,0,0,206.19,7.05,1041.69,672.71,271,165
231.98,0,0,182.07,21.15,867.3,798.99,249,124.57
222.54,0,0,183.81,24.51,867.82,851.73,267,117
418.46,0,0,159.34,16.39,1045.19,765.2,193,203.3
348.65,0,0,155.64,29.01,1079.12,645.94,335,129.33
406.52,0,0,200.96,1.55,828.61,818.43,218,167.49
330.45,0,0,184.75,15.14,935.02,780.08,115,239.52
273.92,0,0,180.58,21.55,901.24,819.38,68,279.62
445.73,0,0,201.07,25.88,1061.21,830.92,299,156.57
439.82,0,0,203.59,5.38,825.06,892.62,325,129.85
408.41,0,0,161.12,24,863.34,772.07,75,305.76
281.64,0,0,192.72,16.58,1025.74,702.49,103,253.41
377.07,0,0,159.47,11.9,815.39,794.54,297,126.49
308.29,0,0,202.6,3.95,947.76,620.53,178,183.32
227.47,0,0,195.99,25.96,932.63,869.22,215,144.18
475.19,0,0,216.96,4.72,900.32,635.81,315,144.19
241.05,0,0,154.83,9.29,918.37,698.35,39,324.2
485.07,0,0,153.99,8.7,958.98,844.72,259,169.67
333.8,0,0,169.75,26.14,848.41,779.19,204,160.34
